ticker,company_name,sector,calls,zero_calls,median_word_count,median_supply_chain_occurrences,median_risk_occurrences,zero_rate_percent
ABEO,Abeona Therapeutics Inc.,Technology,27,27,4320.0,12.0,3.0,100.0
IMKTA,"Ingles Markets, Incorporated",Consumer Goods,15,15,2657.0,7.0,2.0,100.0
JOE,The St. Joe Company,Real Estate,10,10,3440.5,7.5,4.5,100.0
CIA,"Citizens, Inc.",Financial Services,6,6,3431.5,5.5,5.5,100.0
TEVA,Teva Pharmaceutical Industries Limited,Healthcare,4,4,3988.0,10.0,2.0,100.0
UL,Unilever PLC,Consumer Goods,4,4,9247.0,38.0,3.0,100.0
AIRT,"Air T, Inc.",Industrials,1,1,1854.0,25.0,6.0,100.0
BRT,BRT Apartments Corp.,Real Estate,17,16,2688.0,5.0,5.0,94.12
HST,"Host Hotels & Resorts, Inc.",Real Estate,50,47,7436.0,11.0,10.0,94.0
BMY,Bristol-Myers Squibb Company,Healthcare,55,51,7615.0,15.0,4.0,92.73
ARKR,Ark Restaurants Corp.,Retail,39,36,2838.0,4.0,2.0,92.31
SUI,"Sun Communities, Inc.",Real Estate,46,42,5161.5,24.0,2.0,91.3
NHI,"National Health Investors, Inc.",Real Estate,44,40,5366.5,11.0,7.0,90.91
ADBE,Adobe Inc.,Technology,50,45,8218.0,42.5,5.0,90.0
AMS,American Shared Hospital Services,Healthcare,40,36,3098.5,8.5,1.0,90.0
GL,Globe Life Inc.,Financial Services,47,42,5955.0,6.0,4.0,89.36
IDCC,"InterDigital, Inc.",Technology,52,46,4793.0,16.0,6.0,88.46
ORCL,Oracle Corporation,Technology,51,45,5301.0,25.0,4.0,88.24
SCI,Service Corporation International,Retail,50,44,6313.5,33.0,6.0,88.0
SM,SM Energy Company,Energy,49,43,4317.0,22.0,4.0,87.76
MBI,MBIA Inc.,Financial Services,54,47,4454.5,4.0,14.5,87.04
ALKS,Alkermes plc,Healthcare,46,40,6884.0,15.0,4.0,86.96
HR,Healthcare Realty Trust Incorporated,Real Estate,46,40,6873.5,14.0,8.0,86.96
DOC,"Healthpeak Properties, Inc.",Real Estate,43,37,6976.0,19.0,7.0,86.05
LTC,"LTC Properties, Inc.",Real Estate,43,37,5536.0,12.0,8.0,86.05
ROL,"Rollins, Inc.",Retail,43,37,5450.0,23.0,7.0,86.05
MRK,"Merck & Co., Inc.",Healthcare,50,43,8699.5,25.0,9.0,86.0
NBN,Northeast Bank,Financial Services,35,30,3624.0,28.0,3.0,85.71
CHE,Chemed Corporation,Healthcare,46,39,4456.5,7.0,4.0,84.78
STAA,STAAR Surgical Company,Healthcare,46,39,5473.5,18.0,5.0,84.78
BOH,Bank of Hawaii Corporation,Financial Services,45,38,4528.0,10.0,5.0,84.44
FUN,Six Flags Entertainment Corporation,Retail,55,46,7431.0,15.0,6.0,83.64
GILD,"Gilead Sciences, Inc.",Healthcare,54,45,8359.5,16.0,8.0,83.33
GTY,Getty Realty Corp.,Real Estate,48,40,3891.5,16.0,3.0,83.33
RHP,"Ryman Hospitality Properties, Inc.",Real Estate,47,39,6695.0,16.0,4.0,82.98
RVTY,"Revvity, Inc.",Healthcare,51,42,7751.0,21.0,5.0,82.35
CSPI,CSP Inc.,Technology,50,41,3283.5,25.5,2.0,82.0
LLY,Eli Lilly and Company,Healthcare,50,41,8230.5,24.5,6.0,82.0
QDEL,QuidelOrtho Corporation,Healthcare,50,41,6182.0,25.5,3.0,82.0
WRB,W. R. Berkley Corporation,Financial Services,50,41,6518.0,5.5,12.0,82.0
AXGN,"Axogen, Inc.",Healthcare,38,31,5286.0,10.0,3.0,81.58
PRSO,Peraso Inc.,Semiconductors,27,22,5228.0,59.0,6.0,81.48
BIO,"Bio-Rad Laboratories, Inc.",Healthcare,47,38,4413.0,10.0,4.0,80.85
CRK,"Comstock Resources, Inc.",Energy,52,42,6842.5,45.0,3.0,80.77
SLM,SLM Corporation,Financial Services,52,42,6338.5,12.0,7.5,80.77
ABT,Abbott Laboratories,Healthcare,50,40,7219.5,21.5,8.0,80.0
HRB,"H&R Block, Inc.",Retail,50,40,6738.0,57.5,6.0,80.0
FEIM,"Frequency Electronics, Inc.",Technology,20,16,3395.5,17.5,2.0,80.0
THC,Tenet Healthcare Corporation,Healthcare,54,43,7784.0,18.5,5.0,79.63
GHI,Greystone Housing Impact Investors LP,Financial Services,33,26,4069.0,7.0,9.0,78.79
CLDX,"Celldex Therapeutics, Inc.",Technology,14,11,5151.5,9.0,5.5,78.57
PSA,Public Storage,Real Estate,55,43,5600.0,24.0,5.0,78.18
ALOT,AstroNova Inc,Technology,41,32,3918.0,29.0,4.0,78.05
IDXX,"IDEXX Laboratories, Inc.",Healthcare,45,35,8174.0,38.0,6.0,77.78
CTO,"CTO Realty Growth, Inc.",Real Estate,31,24,3932.0,12.0,3.0,77.42
FRPH,"FRP Holdings, Inc.",Real Estate,31,24,3119.0,27.0,5.0,77.42
CNA,CNA Financial Corporation,Financial Services,52,40,4899.0,4.5,12.0,76.92
NVO,Novo Nordisk A/S,Healthcare,39,30,7712.0,13.0,11.0,76.92
HRTX,"Heron Therapeutics, Inc.",Technology,13,10,4356.0,14.0,5.0,76.92
AMGN,Amgen Inc.,Healthcare,55,42,7852.0,22.0,6.0,76.36
BN,Brookfield Corporation,Financial Services,38,29,5295.5,20.0,7.0,76.32
IEP,Icahn Enterprises L.P.,Energy,42,32,3044.5,14.0,8.0,76.19
GIS,"General Mills, Inc.",Consumer Goods,46,35,7644.0,47.0,2.5,76.09
ENTG,"Entegris, Inc.",Semiconductors,58,44,5628.0,33.5,5.5,75.86
CBU,"Community Financial System, Inc.",Financial Services,45,34,5654.0,15.0,7.0,75.56
BBWI,"Bath & Body Works, Inc.",Retail,49,37,7087.0,48.0,2.0,75.51
MO,"Altria Group, Inc.",Consumer Goods,53,40,6617.0,37.0,5.0,75.47
L,Loews Corporation,Financial Services,55,41,4127.0,19.0,5.0,74.55
AFG,"American Financial Group, Inc.",Financial Services,51,38,5340.0,6.0,10.0,74.51
EOG,"EOG Resources, Inc.",Energy,51,38,7935.0,39.0,4.0,74.51
LH,Labcorp Holdings Inc.,Healthcare,51,38,8254.0,25.0,4.0,74.51
AFL,Aflac Incorporated,Financial Services,50,37,7543.5,18.5,12.0,74.0
BXMT,"Blackstone Mortgage Trust, Inc.",Real Estate,50,37,4964.0,11.0,13.0,74.0
JKHY,"Jack Henry & Associates, Inc.",Technology,42,31,5610.0,29.5,6.0,73.81
OII,"Oceaneering International, Inc.",Energy,53,39,5934.0,34.0,3.0,73.58
IMOS,ChipMOS TECHNOLOGIES INC.,Semiconductors,34,25,2833.0,15.0,4.0,73.53
USB,U.S. Bancorp,Financial Services,49,36,7233.0,21.0,10.0,73.47
COO,"The Cooper Companies, Inc.",Healthcare,48,35,7567.0,21.0,6.0,72.92
CRUS,"Cirrus Logic, Inc.",Semiconductors,48,35,5215.5,35.0,5.0,72.92
JNJ,Johnson & Johnson,Healthcare,48,35,8550.5,24.5,5.0,72.92
MSFT,Microsoft Corporation,Technology,48,35,7886.0,34.0,6.0,72.92
UDR,"UDR, Inc.",Real Estate,48,35,8436.5,25.5,9.0,72.92
XRAY,DENTSPLY SIRONA Inc.,Healthcare,48,35,8135.0,30.5,8.0,72.92
MYE,"Myers Industries, Inc.",Retail,44,32,5272.0,24.5,6.0,72.73
TTI,"TETRA Technologies, Inc.",Energy,44,32,5982.0,35.5,4.0,72.73
ELME,Elme Communities,Real Estate,51,37,5891.0,21.0,10.0,72.55
JJSF,J&J Snack Foods Corp.,Consumer Goods,47,34,5444.0,29.0,4.0,72.34
LXP,LXP Industrial Trust,Real Estate,47,34,4426.0,19.0,5.0,72.34
CPB,The Campbell's Company,Consumer Goods,50,36,7996.5,37.5,4.0,72.0
OHI,"Omega Healthcare Investors, Inc.",Real Estate,46,33,5109.0,9.0,6.0,71.74
MCD,McDonald's Corporation,Retail,53,38,8539.0,36.0,4.0,71.7
SKT,Tanger Inc.,Real Estate,49,35,5522.0,26.0,6.0,71.43
DGII,Digi International Inc.,Technology,45,32,4338.0,26.0,4.0,71.11
TDW,Tidewater Inc.,Energy,45,32,6025.0,37.0,6.0,71.11
KO,The Coca-Cola Company,Consumer Goods,48,34,7893.5,32.0,7.0,70.83
UVV,Universal Corporation,Consumer Goods,41,29,2662.0,23.0,2.0,70.73
BRC,Brady Corporation,Industrials,34,24,7116.5,35.0,6.0,70.59
RMBS,Rambus Inc.,Semiconductors,54,38,4778.5,20.5,4.0,70.37
PAR,PAR Technology Corporation,Technology,47,33,5794.0,40.0,4.0,70.21
BTI,British American Tobacco p.l.c.,Consumer Goods,10,7,8470.5,33.5,5.0,70.0
RGEN,Repligen Corporation,Healthcare,43,30,6086.0,33.0,5.0,69.77
PAYX,"Paychex, Inc.",Technology,36,25,8494.5,80.0,5.5,69.44
SYY,Sysco Corporation,Consumer Goods,52,36,8637.5,39.0,5.0,69.23
CCEP,Coca-Cola Europacific Partners PLC,Consumer Goods,42,29,7167.0,33.5,4.0,69.05
HUM,Humana Inc.,Healthcare,45,31,8753.0,24.0,15.0,68.89
UNM,Unum Group,Financial Services,51,35,9039.0,12.0,18.0,68.63
VNO,Vornado Realty Trust,Real Estate,41,28,8026.0,38.0,7.0,68.29
CNMD,CONMED Corporation,Healthcare,44,30,6051.0,17.0,8.0,68.18
JBSS,"John B. Sanfilippo & Son, Inc.",Consumer Goods,44,30,4036.5,44.5,6.0,68.18
PGR,The Progressive Corporation,Financial Services,44,30,7462.5,19.0,17.0,68.18
RYN,Rayonier Inc.,Real Estate,44,30,7095.5,24.5,5.0,68.18
ADSK,"Autodesk, Inc.",Technology,47,32,8538.0,30.0,6.0,68.09
PRGO,Perrigo Company plc,Healthcare,47,32,7997.0,36.0,4.0,68.09
ACLS,"Axcelis Technologies, Inc.",Semiconductors,50,34,5000.0,44.0,3.5,68.0
RRC,Range Resources Corporation,Energy,50,34,8306.5,51.0,5.0,68.0
BDN,Brandywine Realty Trust,Real Estate,53,36,7658.0,35.0,6.0,67.92
MDT,Medtronic plc,Healthcare,53,36,9618.0,33.0,8.0,67.92
CHD,"Church & Dwight Co., Inc.",Consumer Goods,46,31,7815.0,31.0,5.0,67.39
GSK,GSK plc,Healthcare,46,31,8389.0,35.0,7.0,67.39
SON,Sonoco Products Company,Retail,46,31,8281.0,44.5,6.0,67.39
TYL,"Tyler Technologies, Inc.",Technology,46,31,7424.0,39.5,5.0,67.39
CASY,"Casey's General Stores, Inc.",Retail,49,33,7435.0,45.0,6.0,67.35
PXLW,"Pixelworks, Inc.",Semiconductors,52,35,4504.5,37.0,3.0,67.31
SYK,Stryker Corporation,Healthcare,52,35,8447.0,24.5,7.0,67.31
AXP,American Express Company,Financial Services,54,36,8466.5,25.0,8.0,66.67
BDX,"Becton, Dickinson and Company",Healthcare,54,36,8749.5,36.5,6.0,66.67
PTEN,"Patterson-UTI Energy, Inc.",Energy,48,32,7280.5,25.5,7.0,66.67
CBRL,"Cracker Barrel Old Country Store, Inc.",Retail,45,30,6029.0,35.0,9.0,66.67
IPAR,"Interparfums, Inc.",Consumer Goods,42,28,4651.5,21.5,6.0,66.67
ALCO,"Alico, Inc.",Consumer Goods,15,10,2964.0,15.0,4.0,66.67
DXR,Daxor Corporation,Healthcare,3,2,6400.0,16.0,5.0,66.67
SHEL,Shell plc,Energy,3,2,9422.0,45.0,13.0,66.67
UMH,"UMH Properties, Inc.",Real Estate,38,25,5458.0,25.0,6.0,65.79
XRX,Xerox Holdings Corporation,Industrials,52,34,7666.0,48.0,5.5,65.38
ELS,"Equity LifeStyle Properties, Inc.",Real Estate,45,29,5217.0,20.0,5.0,64.44
EQT,EQT Corporation,Energy,45,29,6787.0,35.0,5.0,64.44
PTC,PTC Inc.,Technology,53,34,8269.0,38.0,5.0,64.15
TPC,Tutor Perini Corporation,Industrials,50,32,5353.0,40.0,5.0,64.0
CAL,"Caleres, Inc.",Retail,47,30,5735.0,39.0,6.0,63.83
LOW,"Lowe's Companies, Inc.",Retail,47,30,7904.0,63.0,7.0,63.83
AIR,AAR Corp.,Industrials,22,14,4059.5,18.5,3.0,63.64
LNC,Lincoln National Corporation,Financial Services,52,33,7374.0,18.0,17.0,63.46
ACH,"Accendra Health, Inc.",Healthcare,49,31,5812.0,37.0,6.0,63.27
FLO,"Flowers Foods, Inc.",Consumer Goods,49,31,6086.0,40.0,4.0,63.27
TMO,Thermo Fisher Scientific Inc.,Healthcare,54,34,8201.0,36.0,5.0,62.96
KMB,Kimberly-Clark Corporation,Consumer Goods,51,32,7808.0,29.0,5.0,62.75
XOM,ExxonMobil Holdings Corporation,Energy,51,32,8393.0,46.0,5.0,62.75
BIIB,Biogen Inc.,Healthcare,56,35,8202.0,21.0,11.0,62.5
PBI,Pitney Bowes Inc.,Industrials,56,35,6829.0,52.0,7.0,62.5
ALK,"Alaska Air Group, Inc.",Industrials,48,30,8566.0,45.0,6.0,62.5
CAG,"Conagra Brands, Inc.",Consumer Goods,48,30,8564.0,38.5,4.5,62.5
MMSI,"Merit Medical Systems, Inc.",Healthcare,48,30,7261.0,26.5,7.0,62.5
MSI,"Motorola Solutions, Inc.",Technology,48,30,6556.0,51.0,6.0,62.5
ROG,Rogers Corporation,Technology,48,30,5954.0,33.0,5.0,62.5
GAP,"The Gap, Inc.",Retail,53,33,8284.0,47.0,4.0,62.26
KR,The Kroger Co.,Consumer Goods,45,28,8053.0,52.0,6.0,62.22
AEG,Aegon Ltd.,Financial Services,29,18,8064.0,15.0,16.0,62.07
ACU,Acme United Corporation,Consumer Goods,44,27,3064.5,27.5,6.0,61.36
SMP,"Standard Motor Products, Inc.",Retail,44,27,4111.0,34.0,4.5,61.36
CCK,"Crown Holdings, Inc.",Retail,49,30,7577.0,40.0,5.0,61.22
HSY,The Hershey Company,Consumer Goods,54,33,7792.0,50.5,7.0,61.11
UIS,Unisys Corporation,Technology,54,33,7438.0,44.0,4.0,61.11
MAA,"Mid-America Apartment Communities, Inc.",Real Estate,46,28,7949.5,20.0,9.5,60.87
OSUR,"OraSure Technologies, Inc.",Healthcare,46,28,5801.0,42.0,3.0,60.87
BBY,"Best Buy Co., Inc.",Retail,51,31,8613.0,55.0,7.0,60.78
AME,"AMETEK, Inc.",Industrials,48,29,6651.0,41.0,11.0,60.42
TFX,Teleflex Incorporated,Healthcare,48,29,7856.0,32.0,8.5,60.42
DHR,Danaher Corporation,Healthcare,53,32,7536.0,30.0,8.0,60.38
UNH,UnitedHealth Group Incorporated,Healthcare,40,24,8572.0,38.0,11.0,60.0
ALX,"Alexander's, Inc.",Real Estate,20,12,7995.0,36.5,8.5,60.0
REG,Regency Centers Corporation,Real Estate,52,31,6402.0,34.0,9.0,59.62
EGY,"VAALCO Energy, Inc.",Energy,47,28,6067.0,43.0,5.0,59.57
NNN,"NNN REIT, Inc.",Real Estate,47,28,4922.0,19.0,6.0,59.57
OXM,"Oxford Industries, Inc.",Retail,42,25,5259.0,40.0,4.0,59.52
PFE,Pfizer Inc.,Healthcare,54,32,8800.0,26.0,9.0,59.26
TAP,Molson Coors Beverage Company,Consumer Goods,49,29,8178.0,34.0,4.0,59.18
HD,"The Home Depot, Inc.",Retail,51,30,7701.0,52.0,10.0,58.82
POWI,"Power Integrations, Inc.",Semiconductors,51,30,4880.0,34.0,8.0,58.82
AXTI,"AXT, Inc.",Semiconductors,48,28,5291.0,50.0,11.0,58.33
CDNS,"Cadence Design Systems, Inc.",Technology,48,28,6266.0,38.0,4.0,58.33
NVDA,NVIDIA Corporation,Semiconductors,55,32,7095.0,36.0,5.0,58.18
NC,"NACCO Industries, Inc.",Energy,43,25,3601.0,22.0,7.0,58.14
MGPI,"MGP Ingredients, Inc.",Consumer Goods,31,18,5250.0,28.0,6.0,58.06
SAN,"Banco Santander, S.A.",Financial Services,38,22,7191.5,25.5,20.0,57.89
PRG,"PROG Holdings, Inc.",Industrials,19,11,6363.0,58.0,5.0,57.89
QCOM,QUALCOMM Incorporated,Semiconductors,52,30,7397.0,44.5,4.0,57.69
SPG,"Simon Property Group, Inc.",Real Estate,52,30,6584.0,37.5,8.0,57.69
ASYS,"Amtech Systems, Inc.",Semiconductors,47,27,3407.0,43.0,7.0,57.45
SYNA,Synaptics Incorporated,Semiconductors,47,27,6471.0,50.0,6.0,57.45
CL,Colgate-Palmolive Company,Consumer Goods,54,31,7919.5,35.5,5.0,57.41
CLX,The Clorox Company,Consumer Goods,54,31,8450.5,45.0,4.5,57.41
LUV,Southwest Airlines Co.,Industrials,54,31,7959.5,43.5,5.0,57.41
CI,The Cigna Group,Healthcare,49,28,9197.0,61.0,15.0,57.14
KIM,Kimco Realty Corporation,Real Estate,49,28,7698.0,42.0,8.0,57.14
CDP,COPT Defense Properties,Real Estate,42,24,6104.5,32.5,7.0,57.14
CAMT,Camtek Ltd.,Semiconductors,46,26,4063.0,35.5,5.0,56.52
ADP,"Automatic Data Processing, Inc.",Technology,48,27,8723.5,65.5,5.0,56.25
ABM,ABM Industries Incorporated,Industrials,41,23,6929.0,34.0,6.0,56.1
AGYS,"Agilysys, Inc.",Technology,50,28,5558.5,31.0,3.0,56.0
MUR,Murphy Oil Corporation,Energy,50,28,7058.5,46.0,6.0,56.0
GPC,Genuine Parts Company,Retail,52,29,8046.5,43.5,4.5,55.77
LSCC,Lattice Semiconductor Corporation,Semiconductors,52,29,5659.0,32.0,6.0,55.77
PNC,"The PNC Financial Services Group, Inc.",Financial Services,52,29,7024.5,27.0,8.5,55.77
INTC,Intel Corporation,Semiconductors,54,30,7880.5,54.5,7.5,55.56
PEP,"PepsiCo, Inc.",Consumer Goods,54,30,6170.5,24.5,6.0,55.56
AIT,"Applied Industrial Technologies, Inc.",Industrials,45,25,5276.0,32.0,5.0,55.56
FRT,Federal Realty Investment Trust,Real Estate,45,25,7708.0,42.0,7.0,55.56
HAE,Haemonetics Corporation,Healthcare,45,25,6796.0,30.0,4.0,55.56
RTX,RTX Corporation,Industrials,56,31,7814.0,35.0,9.0,55.36
MZTI,The Marzetti Company,Consumer Goods,49,27,4259.0,37.0,6.0,55.1
HAS,"Hasbro, Inc.",Retail,51,28,8479.0,54.0,2.0,54.9
UHS,"Universal Health Services, Inc.",Healthcare,51,28,6757.0,7.0,9.0,54.9
SLAB,Silicon Laboratories Inc.,Semiconductors,57,31,6578.0,32.0,6.0,54.39
HP,"Helmerich & Payne, Inc.",Energy,46,25,7528.5,39.0,7.0,54.35
BEN,Franklin Templeton Inc.,Financial Services,50,27,5612.5,21.0,12.0,54.0
AAPL,Apple Inc.,Technology,52,28,7343.0,37.0,6.0,53.85
CAH,"Cardinal Health, Inc.",Healthcare,52,28,8667.0,45.0,9.0,53.85
IP,International Paper Company,Retail,54,29,7704.0,53.5,9.0,53.7
WSO,"Watsco, Inc.",Industrials,45,24,4885.0,34.0,4.0,53.33
SLB,SLB N.V.,Energy,51,27,7849.0,35.0,7.0,52.94
WDC,Western Digital Corporation,Technology,51,27,6564.0,54.0,7.0,52.94
OKE,"ONEOK, Inc.",Energy,53,28,7010.0,53.0,5.0,52.83
DX,"Dynex Capital, Inc.",Real Estate,46,24,5613.5,6.0,32.0,52.17
PLAB,"Photronics, Inc.",Semiconductors,46,24,4702.5,25.5,6.5,52.17
KLIC,"Kulicke and Soffa Industries, Inc.",Semiconductors,52,27,4522.0,38.5,4.0,51.92
NVEC,NVE Corporation,Semiconductors,54,28,3834.0,27.0,10.0,51.85
MMM,3M Company,Industrials,56,29,8364.0,45.0,10.0,51.79
DWSN,Dawson Geophysical Company,Energy,35,18,4084.0,21.0,8.0,51.43
DCO,Ducommun Incorporated,Industrials,45,23,5220.0,40.0,7.0,51.11
PHG,Koninklijke Philips N.V.,Healthcare,45,23,8210.0,34.0,10.0,51.11
AOS,A. O. Smith Corporation,Industrials,49,25,6460.0,27.0,7.0,51.02
GLW,Corning Incorporated,Technology,53,27,8020.0,50.0,8.0,50.94
CVS,CVS Health Corporation,Healthcare,56,28,8668.0,63.0,10.0,50.0
RIG,Transocean Ltd.,Energy,52,26,7564.5,49.0,10.0,50.0
PNR,Pentair plc,Industrials,50,25,8007.5,45.0,9.0,50.0
NFG,National Fuel Gas Company,Energy,44,22,5064.0,54.5,5.0,50.0
RLI,RLI Corp.,Financial Services,44,22,4534.5,10.5,12.0,50.0
CACI,CACI International Inc,Technology,40,20,7303.5,43.0,7.5,50.0
LYTS,LSI Industries Inc.,Technology,26,13,4351.0,24.5,5.5,50.0
HMC,"Honda Motor Co., Ltd.",Retail,16,8,3699.5,16.0,6.5,50.0
TPL,Texas Pacific Land Corporation,Energy,12,6,3502.5,22.5,5.0,50.0
TM,Toyota Motor Corporation,Retail,10,5,4144.5,16.0,6.0,50.0
ONTO,Onto Innovation Inc.,Semiconductors,53,26,5188.0,41.0,5.0,49.06
SWKS,"Skyworks Solutions, Inc.",Semiconductors,53,26,6681.0,40.0,4.0,49.06
VLO,Valero Energy Corporation,Energy,53,26,7685.0,35.0,7.0,49.06
FDX,FedEx Corporation,Industrials,51,25,8330.0,106.0,8.0,49.02
UMC,United Microelectronics Corporation,Semiconductors,51,25,4812.0,25.0,8.0,49.02
TOL,"Toll Brothers, Inc.",Retail,43,21,7543.0,50.0,4.0,48.84
CSX,CSX Corporation,Industrials,54,26,8097.5,99.5,6.0,48.15
AIN,Albany International Corp.,Retail,50,24,4655.5,29.5,5.0,48.0
RES,"RPC, Inc.",Energy,48,23,6106.0,32.5,6.5,47.92
WKC,World Kinect Corporation,Energy,44,21,5905.5,19.5,15.0,47.73
GCO,Genesco Inc.,Retail,42,20,8178.5,54.0,6.0,47.62
BALL,Ball Corporation,Retail,51,24,7785.0,42.0,7.0,47.06
RRX,Regal Rexnord Corporation,Industrials,49,23,6977.0,43.0,9.0,46.94
RELL,"Richardson Electronics, Ltd.",Technology,45,21,6188.0,49.0,6.0,46.67
F,Ford Motor Company,Retail,52,24,7570.0,45.0,6.5,46.15
TGT,Target Corporation,Consumer Goods,50,23,9488.5,60.5,9.5,46.0
STM,STMicroelectronics N.V.,Semiconductors,48,22,7229.0,43.5,7.0,45.83
ASX,"ASE Technology Holding Co., Ltd.",Semiconductors,46,21,5820.5,46.0,6.0,45.65
KBH,KB Home,Retail,33,15,8472.0,60.0,5.0,45.45
BKTI,BK Technologies Corporation,Technology,11,5,3301.0,34.0,4.0,45.45
VAL,Valaris Limited,Energy,11,5,6766.0,54.0,10.0,45.45
ADM,Archer-Daniels-Midland Company,Consumer Goods,51,23,7455.0,41.0,8.0,45.1
DIOD,Diodes Incorporated,Semiconductors,51,23,5557.0,36.0,7.0,45.1
NOC,Northrop Grumman Corporation,Industrials,51,23,8155.0,35.0,15.0,45.1
ATRO,Astronics Corporation,Industrials,49,22,5137.0,36.0,7.0,44.9
LHX,"L3Harris Technologies, Inc.",Industrials,49,22,7259.0,56.0,8.0,44.9
APA,APA Corporation,Energy,47,21,7765.0,48.0,5.0,44.68
DINO,HF Sinclair Corporation,Energy,47,21,6443.0,32.0,5.0,44.68
OXY,Occidental Petroleum Corporation,Energy,56,25,7846.5,56.5,7.0,44.64
EMR,Emerson Electric Co.,Industrials,54,24,6914.0,39.5,6.0,44.44
AKR,Acadia Realty Trust,Real Estate,45,20,6840.0,55.0,10.0,44.44
CTS,CTS Corporation,Technology,45,20,4164.0,31.0,8.0,44.44
SMTC,Semtech Corporation,Semiconductors,45,20,6899.0,42.0,10.0,44.44
BAX,Baxter International Inc.,Healthcare,52,23,8370.0,27.5,8.0,44.23
GE,GE Aerospace,Industrials,52,23,8295.0,83.5,5.0,44.23
PG,The Procter & Gamble Company,Consumer Goods,52,23,9024.0,50.0,11.0,44.23
COHU,"Cohu, Inc.",Semiconductors,50,22,4059.0,47.0,6.0,44.0
COP,ConocoPhillips,Energy,50,22,7158.0,46.0,6.0,44.0
CPT,Camden Property Trust,Real Estate,50,22,7555.0,22.0,10.0,44.0
TRP,TC Energy Corporation,Energy,41,18,8231.0,71.0,15.0,43.9
DVN,Devon Energy Corporation,Energy,55,24,8205.0,40.0,10.0,43.64
KEY,KeyCorp,Financial Services,53,23,8073.0,35.0,9.0,43.4
TRV,"The Travelers Companies, Inc.",Financial Services,53,23,8790.0,17.0,20.0,43.4
QUIK,QuickLogic Corporation,Semiconductors,44,19,6122.0,62.0,8.0,43.18
AMKR,"Amkor Technology, Inc.",Semiconductors,56,24,4234.5,34.0,6.0,42.86
ROK,"Rockwell Automation, Inc.",Industrials,49,21,7507.0,37.0,9.0,42.86
AMAT,"Applied Materials, Inc.",Semiconductors,54,23,7779.0,61.5,9.0,42.59
EGP,"EastGroup Properties, Inc.",Real Estate,47,20,7454.0,20.0,10.0,42.55
HELE,Helen of Troy Limited,Consumer Goods,45,19,8422.0,56.0,10.0,42.22
CVX,Chevron Corporation,Energy,50,21,7861.0,43.0,8.0,42.0
IBM,International Business Machines Corporation,Technology,50,21,8359.0,67.0,4.0,42.0
NBR,Nabors Industries Ltd.,Energy,50,21,7452.5,33.5,8.0,42.0
GFF,Griffon Corporation,Industrials,43,18,4157.0,21.0,7.0,41.86
NWL,Newell Brands Inc.,Consumer Goods,48,20,8975.0,55.5,9.0,41.67
SU,Suncor Energy Inc.,Energy,48,20,6541.5,46.0,6.5,41.67
BC,Brunswick Corporation,Retail,53,22,7785.0,88.0,5.0,41.51
GD,General Dynamics Corporation,Industrials,53,22,6509.0,62.0,9.0,41.51
SF,Stifel Financial Corp.,Financial Services,46,19,6656.0,24.0,10.5,41.3
HCSG,"Healthcare Services Group, Inc.",Healthcare,44,18,5289.5,29.0,8.0,40.91
IMO,Imperial Oil Limited,Energy,22,9,7101.0,57.0,8.5,40.91
CLFD,"Clearfield, Inc.",Technology,27,11,3968.0,28.0,10.0,40.74
MKC,"McCormick & Company, Incorporated",Consumer Goods,27,11,8462.0,42.0,7.0,40.74
CGNX,Cognex Corporation,Technology,47,19,7050.0,56.0,7.0,40.43
HON,Honeywell International Inc.,Industrials,52,21,8784.5,70.0,9.5,40.38
WMB,"The Williams Companies, Inc.",Energy,52,21,7863.0,42.0,7.0,40.38
COST,Costco Wholesale Corporation,Consumer Goods,35,14,7767.0,50.0,9.0,40.0
TSEM,Tower Semiconductor Ltd.,Semiconductors,5,2,5506.0,41.0,6.0,40.0
MAT,"Mattel, Inc.",Retail,53,21,8240.0,60.0,9.0,39.62
GEN,Gen Digital Inc.,Technology,48,19,7289.5,44.5,11.0,39.58
VECO,Veeco Instruments Inc.,Semiconductors,48,19,5558.0,76.0,5.5,39.58
CUZ,Cousins Properties Incorporated,Real Estate,43,17,6891.0,28.0,9.0,39.53
BCS,Barclays PLC,Financial Services,38,15,8622.0,27.5,17.5,39.47
ETN,Eaton Corporation plc,Industrials,51,20,7386.0,50.0,9.0,39.22
MU,"Micron Technology, Inc.",Semiconductors,41,16,7616.0,67.0,8.0,39.02
VFC,V.F. Corporation,Retail,44,17,9224.0,63.5,7.5,38.64
STT,State Street Corporation,Financial Services,50,19,8525.5,44.5,12.0,38.0
WY,Weyerhaeuser Company,Real Estate,50,19,8164.0,40.0,8.0,38.0
NVMI,Nova Ltd.,Semiconductors,53,20,4877.0,36.0,4.0,37.74
CSCO,"Cisco Systems, Inc.",Technology,51,19,8090.0,54.0,13.0,37.25
COHR,Coherent Corp.,Technology,43,16,6897.0,62.0,6.0,37.21
ERIC,Telefonaktiebolaget LM Ericsson (publ),Technology,43,16,6773.0,45.0,6.0,37.21
AP,Ampco-Pittsburgh Corporation,Industrials,27,10,3975.0,36.0,7.0,37.04
BMI,"Badger Meter, Inc.",Technology,46,17,5754.5,32.5,7.0,36.96
MAS,Masco Corporation,Industrials,49,18,7664.0,39.0,10.0,36.73
RJF,"Raymond James Financial, Inc.",Financial Services,49,18,7352.0,43.0,9.0,36.73
ASB,Associated Banc-Corp,Financial Services,52,19,5654.5,23.0,9.0,36.54
AMD,"Advanced Micro Devices, Inc.",Semiconductors,50,18,7160.0,41.5,6.0,36.0
ENB,Enbridge Inc.,Energy,56,20,8324.5,45.5,11.0,35.71
BAC,Bank of America Corporation,Financial Services,48,17,9363.0,42.5,15.0,35.42
ADI,"Analog Devices, Inc.",Semiconductors,54,19,6463.5,44.0,10.0,35.19
LRCX,Lam Research Corporation,Semiconductors,57,20,8128.0,74.0,9.0,35.09
PHM,"PulteGroup, Inc.",Retail,52,18,8721.5,54.5,9.5,34.62
TSN,"Tyson Foods, Inc.",Consumer Goods,52,18,8101.0,61.0,9.0,34.62
APOG,"Apogee Enterprises, Inc.",Industrials,26,9,6178.0,53.0,7.0,34.62
SONY,Sony Group Corporation,Technology,38,13,4951.5,29.0,13.0,34.21
LPX,Louisiana-Pacific Corporation,Industrials,50,17,7255.0,41.5,5.0,34.0
VSH,"Vishay Intertechnology, Inc.",Semiconductors,51,17,5590.0,42.0,8.0,33.33
WST,"West Pharmaceutical Services, Inc.",Healthcare,48,16,5414.0,48.0,6.0,33.33
AVY,Avery Dennison Corporation,Retail,45,15,6486.0,57.0,6.0,33.33
BSET,"Bassett Furniture Industries, Incorporated",Retail,3,1,4734.0,74.0,5.0,33.33
MATX,"Matson, Inc.",Industrials,43,14,6366.0,52.0,9.0,32.56
WMT,Walmart Inc.,Consumer Goods,41,13,9335.0,66.0,8.0,31.71
TER,"Teradyne, Inc.",Semiconductors,54,17,8030.0,58.0,9.0,31.48
WFC,Wells Fargo & Company,Financial Services,54,17,9796.0,39.0,21.0,31.48
CB,Chubb Limited,Financial Services,56,17,6927.5,18.5,27.5,30.36
MRVL,"Marvell Technology, Inc.",Semiconductors,43,13,7725.0,56.0,10.0,30.23
DE,Deere & Company,Industrials,50,15,8233.0,70.5,10.0,30.0
SKY,"Champion Homes, Inc.",Retail,20,6,5374.0,77.0,9.5,30.0
TSM,Taiwan Semiconductor Manufacturing Company Limited,Semiconductors,44,13,6540.5,32.0,7.0,29.55
HAL,Halliburton Company,Energy,51,15,7688.0,39.0,9.0,29.41
WGO,"Winnebago Industries, Inc.",Retail,21,6,9103.0,102.0,9.0,28.57
WHR,Whirlpool Corporation,Retail,53,15,6798.0,46.0,8.0,28.3
NSC,Norfolk Southern Corporation,Industrials,50,14,8627.0,123.5,10.5,28.0
AEHR,"Aehr Test Systems, Inc.",Semiconductors,18,5,6965.0,101.0,6.0,27.78
AIG,"American International Group, Inc.",Financial Services,47,13,8257.0,20.0,31.0,27.66
PLXS,Plexus Corp.,Technology,48,13,7337.0,48.5,10.5,27.08
ROST,"Ross Stores, Inc.",Retail,48,13,5642.5,61.5,9.0,27.08
R,"Ryder System, Inc.",Industrials,52,14,7652.0,85.5,8.0,26.92
CAT,Caterpillar Inc.,Industrials,53,14,8565.0,63.0,12.0,26.42
MEI,"Methode Electronics, Inc.",Technology,46,12,4428.5,33.5,7.5,26.09
LMT,Lockheed Martin Corporation,Industrials,54,14,8352.0,64.0,10.0,25.93
C,Citigroup Inc.,Financial Services,47,12,8923.0,44.0,15.0,25.53
PVH,PVH Corp.,Retail,29,7,7597.0,65.0,11.0,24.14
HRL,Hormel Foods Corporation,Consumer Goods,54,13,6723.5,45.5,8.0,24.07
KLAC,KLA Corporation,Semiconductors,50,12,7026.5,62.5,11.0,24.0
JPM,JPMorgan Chase & Co.,Financial Services,51,12,8373.0,36.0,18.0,23.53
WWW,"Wolverine World Wide, Inc.",Retail,47,11,8658.0,69.0,6.0,23.4
HPQ,HP Inc.,Technology,54,12,6686.0,37.0,9.0,22.22
BELFA,Bel Fuse Inc.,Technology,45,10,4050.0,32.0,14.0,22.22
HOG,"Harley-Davidson, Inc.",Retail,50,11,8012.0,111.0,8.0,22.0
TXN,Texas Instruments Incorporated,Semiconductors,55,12,5986.0,32.0,8.0,21.82
ON,ON Semiconductor Corporation,Semiconductors,56,12,7241.5,47.0,12.0,21.43
AB,AllianceBernstein Holding L.P.,Financial Services,48,10,6458.0,60.0,13.0,20.83
GT,The Goodyear Tire & Rubber Company,Retail,51,10,7943.0,91.0,11.0,19.61
UNP,Union Pacific Corporation,Industrials,51,10,8661.0,109.0,8.0,19.61
FSS,Federal Signal Corporation,Industrials,47,9,5878.0,67.0,8.0,19.15
AVT,"Avnet, Inc.",Technology,48,9,7254.0,45.0,11.0,18.75
NKE,"NIKE, Inc.",Retail,48,9,8528.0,66.5,12.0,18.75
MRSH,"Marsh & McLennan Companies, Inc.",Financial Services,50,9,7248.5,35.5,22.5,18.0
ASML,ASML Holding N.V.,Semiconductors,56,10,7785.0,78.0,13.5,17.86
PPC,Pilgrim's Pride Corporation,Consumer Goods,46,8,6936.5,58.5,16.0,17.39
BP,BP p.l.c.,Energy,6,1,8236.0,46.0,13.0,16.67
INTT,InTest Corporation,Semiconductors,49,8,4373.0,46.0,6.0,16.33
MCHP,Microchip Technology Incorporated,Semiconductors,54,8,8156.0,66.0,18.0,14.81
HWM,Howmet Aerospace Inc.,Industrials,17,2,6482.0,54.0,10.0,11.76
PII,Polaris Inc.,Retail,43,5,8959.0,94.0,15.0,11.63
ARW,"Arrow Electronics, Inc.",Technology,54,6,6195.0,49.0,11.0,11.11
AJG,Arthur J. Gallagher & Co.,Financial Services,50,5,6887.0,43.0,19.0,10.0
BA,The Boeing Company,Industrials,52,5,8341.5,124.5,12.5,9.62
LEN,Lennar Corporation,Retail,34,3,8517.0,56.5,14.0,8.82
AZZ,AZZ Inc.,Industrials,35,3,5271.0,34.0,10.0,8.57
KTCC,Key Tronic Corporation,Technology,39,3,5018.0,61.0,8.0,7.69
DAIO,Data I/O Corporation,Technology,39,1,4215.0,36.0,8.0,2.56
AON,Aon plc,Financial Services,50,0,7817.0,69.5,38.0,0.0
BF-B,Brown-Forman Corporation,Consumer Goods,4,0,7313.5,83.0,24.0,0.0
CP,Canadian Pacific Kansas City Limited,Industrials,4,0,5348.5,72.0,8.0,0.0
YPF,YPF Sociedad Anónima,Energy,3,0,7806.0,65.0,7.0,0.0
