sector,quintile,events,min_scrisk,median_scrisk,max_scrisk,mean_car_0_1_bp,mean_ci_low_bp,mean_ci_high_bp,median_car_0_1_bp,median_ci_low_bp,median_ci_high_bp
Consumer Goods,Q1,180,0.0907316631939,0.147697584276,0.194485418588,-68.73,-150.4,12.94,-89.44,-157.77,10.42
Consumer Goods,Q2,180,0.19453805166,0.26825214723699997,0.358725173712,36.73,-40.61,114.06,24.1,-39.86,84.71
Consumer Goods,Q3,180,0.360259386745,0.4683649303165,0.654774618475,57.0,-40.29,154.29,-1.76,-88.23,125.28
Consumer Goods,Q4,180,0.656023938006,0.8906576960465,1.3574435086,48.75,-33.35,130.85,32.22,-46.54,102.31
Consumer Goods,Q5,180,1.35803101477,2.61778436494,17.4669741522,23.15,-82.08,128.38,-10.29,-69.83,101.08
Energy,Q1,201,0.0864755811414,0.136772486363,0.168880902257,6.51,-70.46,83.48,2.52,-77.44,57.36
Energy,Q2,200,0.169019183496,0.202863743304,0.260209796454,-23.44,-115.68,68.81,-47.05,-97.46,20.55
Energy,Q3,201,0.261056007174,0.320884965514,0.394098419675,-1.09,-67.97,65.79,-30.91,-101.01,40.69
Energy,Q4,200,0.394518379111,0.5095357851345,0.659448134788,-1.5,-75.62,72.62,-2.57,-65.05,88.33
Energy,Q5,200,0.664531240903,0.9833869519605001,9.62976768706,32.33,-62.79,127.44,28.38,-73.04,103.12
Financial Services,Q1,222,0.0734027685258,0.1410088535795,0.173124630747,2.7,-45.13,50.53,44.72,-33.67,89.14
Financial Services,Q2,222,0.173234024663,0.21465477734549998,0.270219215151,-26.5,-76.6,23.6,-31.28,-65.24,36.29
Financial Services,Q3,222,0.271108268255,0.34549413603650003,0.422313621617,-5.03,-63.51,53.45,11.55,-34.62,77.91
Financial Services,Q4,222,0.422745757668,0.540340884579,0.728416663386,16.14,-37.44,69.71,13.66,-45.76,69.49
Financial Services,Q5,221,0.729199622064,1.1279101704,10.6627859705,34.55,-21.75,90.84,-5.32,-65.71,70.12
Healthcare,Q1,188,0.0756818242744,0.128036475145,0.15627784985,24.5,-38.24,87.24,58.21,-14.62,133.38
Healthcare,Q2,188,0.15657420241,0.1903929558345,0.247259058209,-12.44,-91.38,66.5,-18.05,-99.02,60.32
Healthcare,Q3,188,0.248101820005,0.333581459789,0.45301312065,38.8,-51.62,129.22,5.38,-116.35,71.1
Healthcare,Q4,188,0.453845735994,0.6262207212894999,0.941272736958,20.84,-94.78,136.47,2.8,-133.7,99.54
Healthcare,Q5,187,0.947598906558,1.5270539223,18.050431063,-121.71,-238.88,-4.54,11.14,-96.29,95.69
Industrials,Q1,281,0.0801886349132,0.14997093026,0.209018515798,62.15,-10.01,134.31,71.03,0.91,136.1
Industrials,Q2,281,0.209435454798,0.302733081858,0.403202180827,-23.31,-95.2,48.59,31.44,-53.83,87.52
Industrials,Q3,280,0.403732739309,0.5155743233065,0.664669277113,-31.69,-100.4,37.03,-63.39,-113.0,-10.62
Industrials,Q4,281,0.665464384269,0.947458802755,1.3784416238,-8.43,-82.31,65.45,-30.34,-105.28,72.0
Industrials,Q5,280,1.37979821906,2.3325868180900002,15.9921876718,-10.28,-76.46,55.9,-1.57,-70.53,65.47
Real Estate,Q1,143,0.0933221832114,0.139794181851,0.16366341149,55.45,7.51,103.39,53.4,-3.94,100.74
Real Estate,Q2,142,0.163863491066,0.19010888892299999,0.229101791614,14.95,-39.11,69.01,6.29,-31.79,70.73
Real Estate,Q3,142,0.229484100647,0.28487363109450003,0.343543746959,-37.4,-94.45,19.64,-39.2,-101.38,28.96
Real Estate,Q4,142,0.345403972059,0.43024624198100003,0.529294253287,-3.43,-52.62,45.75,0.37,-44.22,69.47
Real Estate,Q5,142,0.534547971654,0.7614347732535001,5.31802016718,8.08,-38.78,54.94,25.42,-39.69,73.19
Retail,Q1,247,0.0430004474978,0.151516487708,0.198699807441,-18.07,-101.56,65.43,2.32,-102.28,57.95
Retail,Q2,246,0.199578038634,0.279286366058,0.377101322328,42.57,-49.87,135.01,25.37,-31.09,118.37
Retail,Q3,246,0.378456471503,0.508279654927,0.661756354344,25.21,-62.62,113.04,-2.63,-91.94,97.07
Retail,Q4,246,0.662115247522,0.9426466537915,1.44464885283,-2.9,-87.78,81.98,-26.68,-106.8,46.65
Retail,Q5,246,1.45326785184,2.68221913868,14.9719471406,-17.58,-108.31,73.16,-26.61,-98.91,56.17
Semiconductors,Q1,328,0.101979801328,0.2107255538335,0.324599971592,42.96,-48.71,134.64,81.47,-51.38,139.61
Semiconductors,Q2,327,0.324958768294,0.456287217645,0.581077077631,88.98,2.58,175.38,88.02,-3.76,193.75
Semiconductors,Q3,327,0.582758668472,0.756713799272,0.979022183523,44.83,-39.11,128.77,-2.66,-57.15,69.78
Semiconductors,Q4,327,0.979402394743,1.27388098211,1.79421978441,77.48,-14.94,169.9,3.28,-76.05,94.79
Semiconductors,Q5,327,1.79483272627,2.74900232776,18.5421807711,41.75,-43.45,126.95,39.22,-42.33,117.77
Technology,Q1,245,0.0793984715905,0.177773755587,0.252220350175,61.05,-35.21,157.3,38.21,-42.07,148.77
Technology,Q2,245,0.252263341756,0.332859940039,0.459815945702,195.01,92.34,297.67,130.1,32.62,264.01
Technology,Q3,245,0.462900512268,0.619151497615,0.845367851227,50.15,-46.34,146.64,58.11,-36.22,164.03
Technology,Q4,245,0.845720370324,1.20877565724,1.84019585833,-14.67,-115.79,86.46,19.19,-91.3,118.98
Technology,Q5,244,1.84594024273,2.89996605527,32.6128638606,126.61,8.48,244.74,45.31,-49.58,165.4
