event_trading_date,calls,firms
2016-10-27,56,56
2017-07-27,54,54
2018-04-26,52,52
2017-04-27,52,52
2017-10-26,51,51
2016-07-28,50,50
2015-10-29,48,48
2015-04-30,48,48
2016-04-28,45,45
2015-07-30,45,45
2018-10-25,44,44
2017-11-02,42,42
2012-10-31,41,41
2019-05-02,41,41
2012-07-26,39,39
2018-11-01,39,39
2014-10-30,39,39
2013-04-25,39,39
2018-07-26,39,39
2012-10-25,39,39
2015-10-28,38,38
2019-07-25,37,37
2013-10-24,37,37
2014-10-23,37,37
2016-08-04,37,37
2016-04-27,36,36
2014-07-31,36,36
2018-08-02,36,36
2019-04-25,36,36
2013-07-25,35,35
2012-04-26,35,35
2014-10-28,35,35
2018-07-25,35,35
2019-10-30,35,35
2015-01-29,34,34
2017-08-03,34,34
2015-07-29,34,34
2012-04-25,34,34
2017-05-04,34,34
2014-04-24,34,34
2013-10-30,34,34
2019-07-31,33,33
2014-05-01,33,33
2016-01-28,33,33
2013-04-24,32,32
2017-04-26,32,32
2018-04-25,31,31
2017-10-25,31,31
2013-05-02,31,31
2015-04-28,31,31
2012-10-24,31,31
2015-04-29,31,31
2017-05-03,31,31
2012-11-01,31,31
2017-07-26,31,31
2016-10-26,30,30
2014-04-23,30,30
2014-07-24,30,30
2015-04-23,29,29
2013-08-01,29,29
2019-08-01,29,29
2014-04-29,29,29
2016-10-25,29,29
2015-10-22,29,29
2019-10-24,29,29
2013-07-24,29,29
2018-10-30,29,29
2013-10-31,28,28
2019-04-24,28,28
2014-07-23,28,28
2015-10-27,28,28
2016-11-03,28,28
2018-05-03,28,28
2015-07-23,28,28
2016-07-27,28,28
2019-04-30,27,27
2019-10-23,27,27
2016-04-26,27,27
2012-07-25,27,27
2019-07-24,27,27
2013-07-31,26,26
2014-01-30,26,26
2018-05-08,26,26
2018-04-24,26,26
2018-05-02,26,26
2014-07-30,26,26
2018-02-06,26,26
2019-10-31,26,26
2019-02-05,26,26
2012-08-02,26,26
2019-05-01,26,26
2018-10-24,25,25
2015-07-22,25,25
2014-10-29,25,25
2018-08-07,25,25
2019-07-30,25,25
2018-07-31,25,25
2016-08-02,25,25
2017-08-01,24,24
2019-01-29,24,24
2015-10-21,24,24
2012-01-26,24,24
2015-08-04,24,24
2015-05-07,24,24
2015-08-06,24,24
2019-04-23,24,24
2017-01-26,24,24
2016-11-02,24,24
2013-10-23,24,24
2014-04-30,24,24
2014-05-06,24,24
2017-10-24,24,24
2019-02-21,24,24
2017-04-25,24,24
2019-10-29,23,23
2016-02-04,23,23
2014-10-22,23,23
2013-08-06,23,23
2015-11-05,23,23
2015-07-28,23,23
2017-07-25,23,23
2016-07-26,23,23
2016-05-04,23,23
2014-07-29,23,23
2013-04-23,22,22
2018-02-22,22,22
2011-10-26,22,22
2018-02-01,22,22
2017-08-02,22,22
2011-10-27,22,22
2018-11-06,22,22
2012-05-01,22,22
2016-05-05,22,22
2013-10-29,22,22
2016-04-21,21,21
2016-07-20,21,21
2015-02-05,21,21
2018-01-30,21,21
2019-02-07,21,21
2012-07-24,21,21
2020-02-13,21,21
2013-07-18,21,21
2017-11-01,21,21
2018-07-24,21,21
2015-01-27,21,21
2013-05-01,21,21
2013-04-30,21,21
2019-02-20,20,20
2011-07-26,20,20
2014-08-05,20,20
2013-07-30,20,20
2013-11-07,20,20
2014-04-22,20,20
2011-07-21,20,20
2016-02-25,20,20
2012-07-19,20,20
2012-07-31,20,20
2011-07-28,20,20
2012-05-02,20,20
2017-05-02,20,20
2016-05-03,20,20
2015-02-17,20,20
2018-10-23,20,20
2012-04-24,20,20
2014-11-06,20,20
2018-08-01,20,20
2019-07-23,19,19
2019-01-31,19,19
2020-02-20,19,19
2012-10-23,19,19
2014-02-06,19,19
2014-01-28,19,19
2015-05-05,19,19
2015-11-03,19,19
2017-02-02,19,19
2017-11-07,19,19
2011-10-25,19,19
2012-02-02,18,18
2016-02-02,18,18
2013-04-18,18,18
2017-01-31,18,18
2016-11-01,18,18
2012-08-01,18,18
2019-05-07,18,18
2015-08-05,18,18
2012-01-25,18,18
2016-04-20,18,18
2013-10-17,18,18
2017-02-23,18,18
2013-01-24,18,18
2014-02-04,18,18
2015-01-28,18,18
2014-11-04,18,18
2017-08-08,18,18
2011-04-27,18,18
2018-02-08,18,18
2019-11-07,18,18
2017-10-31,17,17
2017-02-21,17,17
2017-05-09,17,17
2019-08-06,17,17
2015-02-03,17,17
2018-01-25,17,17
2017-02-09,17,17
2019-11-05,17,17
2019-05-09,17,17
2018-11-08,17,17
2012-04-19,17,17
2015-11-04,17,17
2013-02-19,17,17
2015-04-21,17,17
2013-01-31,17,17
2011-07-27,17,17
2015-02-24,16,16
2014-02-20,16,16
2015-02-04,16,16
2016-10-20,16,16
2011-04-28,16,16
2017-07-20,16,16
2014-02-05,16,16
2018-05-01,16,16
2012-02-15,16,16
2013-01-30,16,16
2019-02-14,16,16
2019-07-18,16,16
2020-02-19,16,16
2014-07-17,16,16
2013-10-28,16,16
2012-10-17,16,16
2013-07-23,15,15
2012-02-23,15,15
2016-02-18,15,15
2014-02-12,15,15
2013-02-05,15,15
2016-01-26,15,15
2013-02-13,15,15
2019-08-05,15,15
2014-08-06,15,15
2018-07-30,15,15
2016-08-09,15,15
2016-05-10,15,15
2016-08-03,15,15
2016-07-21,15,15
2014-05-07,15,15
2017-10-19,15,15
2014-07-22,15,15
2013-10-22,15,15
2012-02-07,15,15
2018-10-29,15,15
2015-04-22,15,15
2017-02-07,15,15
2018-10-31,15,15
2015-05-06,15,15
2018-02-21,14,14
2017-02-08,14,14
2017-02-15,14,14
2012-04-18,14,14
2019-01-23,14,14
2019-10-17,14,14
2016-10-19,14,14
2014-02-25,14,14
2014-02-27,14,14
2018-02-27,14,14
2018-11-05,14,14
2012-05-03,14,14
2012-10-18,14,14
2016-01-27,14,14
2013-02-07,14,14
2014-08-07,14,14
2012-08-07,14,14
2015-02-19,14,14
2020-02-06,14,14
2010-07-29,14,14
2019-05-06,14,14
2010-07-28,14,14
2013-08-08,14,14
2010-10-27,14,14
2015-02-26,14,14
2017-10-30,14,14
2017-02-01,14,14
2013-05-07,14,14
2016-11-07,14,14
2013-01-23,13,13
2010-10-28,13,13
2017-01-25,13,13
2016-05-02,13,13
2010-07-22,13,13
2019-01-30,13,13
2019-08-08,13,13
2013-04-22,13,13
2018-08-06,13,13
2018-01-24,13,13
2019-02-28,13,13
2011-01-27,13,13
2013-08-07,13,13
2018-11-07,13,13
2013-02-21,13,13
2015-07-21,13,13
2013-01-29,13,13
2014-02-13,13,13
2016-10-31,13,13
2014-02-18,13,13
2019-10-22,13,13
2016-02-23,13,13
2014-10-21,13,13
2018-10-18,13,13
2018-07-19,13,13
2020-02-04,13,13
2019-11-06,13,13
2012-11-07,13,13
2017-07-31,13,13
2013-02-27,13,13
2017-08-09,13,13
2019-05-08,12,12
2013-11-05,12,12
2014-10-16,12,12
2012-08-08,12,12
2018-03-08,12,12
2016-02-03,12,12
2020-02-05,12,12
2019-07-29,12,12
2014-10-20,12,12
2018-02-07,12,12
2017-02-28,12,12
2016-02-17,12,12
2014-07-28,12,12
2018-04-23,12,12
2012-11-06,12,12
2017-02-16,12,12
2013-02-28,12,12
2017-04-19,12,12
2018-08-08,12,12
2018-02-28,12,12
2014-11-05,12,12
2015-04-20,12,12
2013-02-06,12,12
2013-11-06,12,12
2013-07-29,12,12
2012-04-23,12,12
2014-01-22,12,12
2017-11-06,12,12
2019-04-29,12,12
2017-01-24,12,12
2014-01-23,12,12
2020-01-29,12,12
2014-04-28,12,12
2018-07-23,12,12
2020-01-30,12,12
2018-05-07,11,11
2018-01-31,11,11
2017-05-08,11,11
2014-07-21,11,11
2017-11-09,11,11
2017-04-20,11,11
2019-10-28,11,11
2012-05-08,11,11
2018-02-15,11,11
2018-08-09,11,11
2018-02-20,11,11
2018-05-10,11,11
2011-04-26,11,11
2012-04-30,11,11
2015-11-02,11,11
2011-01-26,11,11
2013-10-21,11,11
2018-04-30,11,11
2016-02-16,11,11
2014-04-17,11,11
2019-03-07,11,11
2020-01-28,11,11
2015-02-11,11,11
2013-05-09,11,11
2012-07-30,11,11
2012-02-16,11,11
2016-02-09,11,11
2012-02-08,11,11
2012-02-22,10,10
2013-07-17,10,10
2013-02-14,10,10
2012-02-21,10,10
2016-02-11,10,10
2012-02-09,10,10
2015-02-12,10,10
2017-07-19,10,10
2012-01-31,10,10
2013-07-22,10,10
2012-02-01,10,10
2011-10-20,10,10
2014-01-31,10,10
2019-04-18,10,10
2011-04-21,10,10
2011-04-20,10,10
2010-10-26,10,10
2017-02-06,10,10
2019-02-13,10,10
2012-07-23,10,10
2012-07-18,10,10
2019-02-04,10,10
2016-07-25,10,10
2016-08-01,10,10
2014-05-05,10,10
2017-04-24,10,10
2017-02-22,10,10
2015-02-18,10,10
2018-05-09,10,10
2017-11-08,10,10
2014-10-27,10,10
2014-01-29,10,10
2014-02-19,9,9
2015-02-09,9,9
2015-07-20,9,9
2014-05-08,9,9
2015-11-12,9,9
2015-10-20,9,9
2019-02-26,9,9
2014-04-16,9,9
2013-08-14,9,9
2013-02-04,9,9
2019-01-24,9,9
2012-05-04,9,9
2012-10-22,9,9
2012-01-24,9,9
2018-02-14,9,9
2016-01-29,9,9
2016-11-08,9,9
2010-04-22,9,9
2012-11-08,9,9
2012-11-05,9,9
2018-02-05,9,9
2016-03-03,9,9
2017-02-14,9,9
2017-07-24,9,9
2016-02-24,9,9
2016-08-08,9,9
2018-05-04,9,9
2019-08-07,9,9
2018-02-13,9,9
2012-08-09,9,9
2010-04-29,8,8
2020-02-26,8,8
2020-02-24,8,8
2015-07-27,8,8
2015-08-20,8,8
2013-05-06,8,8
2012-02-27,8,8
2012-01-27,8,8
2013-01-22,8,8
2011-11-01,8,8
2013-10-16,8,8
2019-11-12,8,8
2010-10-21,8,8
2020-01-22,8,8
2018-12-06,8,8
2019-02-06,8,8
2014-03-06,8,8
2017-08-07,8,8
2017-08-04,8,8
2018-04-19,8,8
2011-07-20,8,8
2013-10-25,8,8
2020-02-11,8,8
2011-08-04,8,8
2018-01-23,8,8
2017-03-09,8,8
2015-04-27,8,8
2017-03-08,8,8
2011-10-18,8,8
2011-10-19,8,8
2013-04-17,8,8
2014-05-22,8,8
2016-02-10,8,8
2016-05-09,8,8
2013-02-01,8,8
2014-08-11,8,8
2017-02-27,7,7
2015-02-25,7,7
2015-03-05,7,7
2014-11-12,7,7
2014-11-10,7,7
2018-11-02,7,7
2013-02-20,7,7
2011-10-28,7,7
2016-04-19,7,7
2011-11-02,7,7
2011-11-08,7,7
2015-05-21,7,7
2014-10-24,7,7
2012-01-30,7,7
2010-04-28,7,7
2016-11-16,7,7
2016-11-14,7,7
2012-02-14,7,7
2011-07-25,7,7
2017-05-01,7,7
2014-01-27,7,7
2015-01-22,7,7
2018-11-15,7,7
2010-08-03,7,7
2020-01-31,7,7
2017-10-23,7,7
2017-10-18,7,7
2010-07-21,7,7
2013-01-28,7,7
2011-01-25,7,7
2012-04-27,7,7
2015-01-26,7,7
2019-02-27,7,7
2011-02-09,7,7
2014-02-26,7,7
2014-02-10,7,7
2017-05-10,7,7
2019-11-04,7,7
2015-11-09,7,7
2018-10-26,7,7
2012-05-09,7,7
2015-10-19,7,7
2019-05-03,7,7
2015-08-03,7,7
2015-08-10,7,7
2020-02-27,7,7
2014-08-04,7,7
2013-04-29,7,7
2011-07-19,6,6
2011-08-02,6,6
2015-03-10,6,6
2019-04-17,6,6
2019-01-28,6,6
2015-04-08,6,6
2019-03-14,6,6
2012-11-02,6,6
2019-02-01,6,6
2016-07-22,6,6
2018-03-01,6,6
2017-03-02,6,6
2016-01-21,6,6
2014-08-21,6,6
2013-02-26,6,6
2011-10-24,6,6
2019-04-26,6,6
2020-03-11,6,6
2011-11-03,6,6
2019-10-25,6,6
2017-07-18,6,6
2017-06-29,6,6
2017-02-17,6,6
2019-02-11,6,6
2015-01-07,6,6
2014-05-14,6,6
2017-12-07,6,6
2019-07-26,6,6
2014-11-20,6,6
2014-05-02,6,6
2010-10-20,6,6
2010-11-04,6,6
2014-04-25,6,6
2014-04-21,6,6
2012-08-15,6,6
2012-08-06,6,6
2012-08-03,6,6
2011-02-03,6,6
2016-02-08,6,6
2015-01-30,6,6
2015-10-26,6,6
2012-12-20,6,6
2013-05-08,6,6
2016-02-22,6,6
2012-10-19,6,6
2015-03-12,6,6
2012-10-26,6,6
2014-11-03,6,6
2015-06-25,6,6
2010-04-27,6,6
2014-08-13,6,6
2016-10-18,6,6
2020-02-25,6,6
2015-10-30,6,6
2010-04-20,6,6
2018-07-18,6,6
2020-02-18,6,6
2012-02-06,6,6
2015-05-04,6,6
2012-05-10,6,6
2016-10-28,6,6
2018-02-12,5,5
2012-05-07,5,5
2013-05-03,5,5
2014-03-13,5,5
2015-02-02,5,5
2019-02-25,5,5
2014-03-11,5,5
2012-02-13,5,5
2019-05-23,5,5
2011-02-16,5,5
2014-06-05,5,5
2016-11-09,5,5
2018-11-14,5,5
2015-07-16,5,5
2019-08-02,5,5
2014-02-24,5,5
2011-04-19,5,5
2018-03-22,5,5
2017-08-10,5,5
2019-02-19,5,5
2011-02-02,5,5
2017-09-07,5,5
2012-04-20,5,5
2014-07-25,5,5
2010-07-23,5,5
2016-05-18,5,5
2010-07-27,5,5
2018-02-02,5,5
2010-04-21,5,5
2013-01-17,5,5
2017-10-27,5,5
2012-03-12,5,5
2018-08-03,5,5
2016-02-01,5,5
2016-05-25,5,5
2013-07-26,5,5
2012-03-07,5,5
2012-02-29,5,5
2015-01-20,5,5
2018-10-17,5,5
2018-08-30,5,5
2014-08-14,5,5
2019-01-09,5,5
2011-04-29,5,5
2016-03-01,5,5
2015-03-11,5,5
2015-12-10,5,5
2017-04-18,5,5
2017-04-06,5,5
2015-08-18,5,5
2016-07-19,5,5
2014-10-31,5,5
2015-04-16,5,5
2015-08-12,5,5
2018-05-30,5,5
2019-01-22,5,5
2016-01-25,5,5
2013-11-14,5,5
2016-04-06,5,5
2013-11-12,5,5
2016-12-08,5,5
2015-05-13,5,5
2018-01-26,5,5
2019-07-22,5,5
2017-01-27,5,5
2018-02-26,5,5
2014-08-01,5,5
2017-01-30,5,5
2015-05-01,5,5
2016-05-12,5,5
2014-08-26,5,5
2016-04-22,5,5
2018-10-22,5,5
2012-06-28,5,5
2018-04-18,5,5
2017-05-25,5,5
2013-08-27,5,5
2018-03-07,5,5
2014-11-13,5,5
2013-05-14,5,5
2018-09-06,5,5
2013-09-04,5,5
2013-02-12,5,5
2011-07-22,5,5
2015-10-15,5,5
2014-01-21,5,5
2017-04-28,5,5
2016-03-10,5,5
2014-01-08,5,5
2019-04-22,5,5
2013-03-07,5,5
2011-08-03,5,5
2018-01-29,4,4
2014-11-25,4,4
2018-04-17,4,4
2018-02-16,4,4
2014-12-10,4,4
2018-04-20,4,4
2017-03-01,4,4
2014-12-18,4,4
2016-05-11,4,4
2016-08-17,4,4
2018-07-20,4,4
2016-08-11,4,4
2015-07-31,4,4
2016-08-10,4,4
2016-07-29,4,4
2015-08-11,4,4
2015-09-03,4,4
2016-07-18,4,4
2016-06-02,4,4
2016-06-01,4,4
2016-04-25,4,4
2016-10-17,4,4
2015-11-10,4,4
2015-11-24,4,4
2018-08-29,4,4
2016-01-07,4,4
2018-08-16,4,4
2016-04-18,4,4
2018-08-14,4,4
2016-04-07,4,4
2016-03-30,4,4
2016-03-09,4,4
2016-02-29,4,4
2016-10-05,4,4
2016-10-24,4,4
2017-11-16,4,4
2015-02-23,4,4
2017-11-03,4,4
2017-10-17,4,4
2015-01-15,4,4
2017-08-30,4,4
2017-08-14,4,4
2018-05-14,4,4
2017-06-14,4,4
2017-06-01,4,4
2017-05-31,4,4
2017-05-05,4,4
2015-02-20,4,4
2017-04-21,4,4
2018-10-16,4,4
2015-03-26,4,4
2017-03-30,4,4
2018-05-31,4,4
2017-01-18,4,4
2016-12-21,4,4
2015-05-11,4,4
2016-12-07,4,4
2016-11-22,4,4
2015-06-04,4,4
2016-11-17,4,4
2018-10-19,4,4
2018-12-20,4,4
2018-03-29,4,4
2011-10-21,4,4
2019-02-12,4,4
2010-02-17,4,4
2011-01-24,4,4
2010-10-25,4,4
2011-10-17,4,4
2014-01-16,4,4
2011-01-20,4,4
2014-01-24,4,4
2010-04-26,4,4
2013-04-10,4,4
2014-02-03,4,4
2012-07-17,4,4
2014-05-12,4,4
2020-02-12,4,4
2013-11-21,4,4
2012-08-14,4,4
2014-03-10,4,4
2010-11-03,4,4
2010-11-02,4,4
2010-10-19,4,4
2013-11-13,4,4
2013-02-11,4,4
2020-02-03,4,4
2010-07-19,4,4
2019-07-17,4,4
2011-07-18,4,4
2011-05-03,4,4
2019-03-05,4,4
2014-07-16,4,4
2019-05-22,4,4
2013-12-11,4,4
2010-08-04,4,4
2010-08-02,4,4
2013-01-25,4,4
2013-10-18,4,4
2013-05-23,4,4
2012-10-16,4,4
2011-02-01,4,4
2011-01-31,4,4
2011-02-22,4,4
2013-05-22,4,4
2012-02-28,4,4
2014-04-09,4,4
2012-04-17,4,4
2013-12-19,4,4
2019-08-14,4,4
2013-11-01,4,4
2013-08-20,4,4
2012-02-03,4,4
2012-01-23,4,4
2019-02-15,4,4
2013-01-08,4,4
2012-01-19,4,4
2019-03-12,4,4
2013-03-06,4,4
2018-08-28,3,3
2014-09-04,3,3
2018-08-23,3,3
2018-08-22,3,3
2011-08-01,3,3
2016-01-06,3,3
2011-08-09,3,3
2018-08-15,3,3
2013-02-25,3,3
2011-08-10,3,3
2019-11-01,3,3
2011-07-29,3,3
2015-11-06,3,3
2013-03-11,3,3
2015-10-13,3,3
2017-08-22,3,3
2015-08-07,3,3
2011-02-10,3,3
2015-08-13,3,3
2013-05-29,3,3
2015-08-25,3,3
2012-04-04,3,3
2018-09-25,3,3
2011-04-18,3,3
2015-09-24,3,3
2011-04-25,3,3
2017-07-21,3,3
2018-09-13,3,3
2015-10-07,3,3
2011-05-04,3,3
2017-05-11,3,3
2013-04-26,3,3
2013-04-19,3,3
2013-04-16,3,3
2015-10-23,3,3
2013-04-04,3,3
2011-05-05,3,3
2018-05-15,3,3
2013-03-28,3,3
2013-03-21,3,3
2017-06-07,3,3
2019-11-21,3,3
2017-05-24,3,3
2015-11-18,3,3
2017-05-18,3,3
2016-01-20,3,3
2012-12-06,3,3
2018-05-23,3,3
2016-12-14,3,3
2016-11-30,3,3
2012-05-30,3,3
2016-12-01,3,3
2012-06-05,3,3
2012-01-18,3,3
2012-06-20,3,3
2018-06-20,3,3
2016-05-26,3,3
2017-01-09,3,3
2016-06-22,3,3
2018-07-27,3,3
2016-06-08,3,3
2017-01-19,3,3
2014-09-10,3,3
2012-05-22,3,3
2019-08-09,3,3
2012-05-16,3,3
2016-11-15,3,3
2019-08-15,3,3
2016-11-10,3,3
2016-11-04,3,3
2012-03-05,3,3
2016-08-24,3,3
2012-03-08,3,3
2018-07-11,3,3
2019-08-26,3,3
2019-08-22,3,3
2012-03-22,3,3
2016-10-21,3,3
2012-03-28,3,3
2018-06-28,3,3
2012-07-27,3,3
2012-08-21,3,3
2011-08-18,3,3
2018-06-07,3,3
2016-03-14,3,3
2012-11-28,3,3
2017-03-13,3,3
2016-03-02,3,3
2012-12-04,3,3
2016-02-26,3,3
2013-06-26,3,3
2012-08-22,3,3
2018-06-06,3,3
2016-02-12,3,3
2018-05-29,3,3
2016-02-05,3,3
2013-01-10,3,3
2019-06-05,3,3
2017-03-07,3,3
2017-03-06,3,3
2016-03-22,3,3
2016-03-23,3,3
2016-03-24,3,3
2012-11-13,3,3
2012-10-15,3,3
2012-10-11,3,3
2019-07-09,3,3
2016-04-29,3,3
2017-02-03,3,3
2019-09-12,3,3
2016-05-06,3,3
2012-09-06,3,3
2012-09-05,3,3
2012-08-29,3,3
2017-01-23,3,3
2017-08-23,3,3
2019-08-20,3,3
2013-06-27,3,3
2014-08-12,3,3
2015-03-03,3,3
2015-03-04,3,3
2018-12-04,3,3
2017-11-30,3,3
2017-11-29,3,3
2013-12-10,3,3
2017-11-21,3,3
2017-11-20,3,3
2015-03-31,3,3
2018-12-12,3,3
2014-06-26,3,3
2019-03-13,3,3
2013-11-26,3,3
2010-10-18,3,3
2019-01-25,3,3
2013-11-11,3,3
2013-11-04,3,3
2013-10-15,3,3
2010-10-29,3,3
2019-03-21,3,3
2013-10-10,3,3
2010-01-28,3,3
2015-05-08,3,3
2015-03-02,3,3
2018-11-29,3,3
2010-07-30,3,3
2010-07-20,3,3
2018-01-04,3,3
2015-01-21,3,3
2015-01-06,3,3
2014-05-20,3,3
2014-04-03,3,3
2014-03-27,3,3
2014-03-26,3,3
2014-03-25,3,3
2017-12-21,3,3
2014-03-05,3,3
2020-02-10,3,3
2014-12-04,3,3
2014-12-11,3,3
2018-11-13,3,3
2014-02-14,3,3
2014-02-11,3,3
2018-01-17,3,3
2014-01-15,3,3
2017-12-13,3,3
2017-08-24,3,3
2019-03-06,3,3
2018-01-22,3,3
2013-10-09,3,3
2010-07-13,3,3
2015-05-12,3,3
2014-08-27,3,3
2013-09-12,3,3
2013-09-05,3,3
2014-10-14,3,3
2015-05-14,3,3
2013-08-22,3,3
2017-09-27,3,3
2014-10-09,3,3
2013-08-15,3,3
2015-07-14,3,3
2020-03-12,3,3
2009-10-29,3,3
2011-01-28,3,3
2018-03-06,3,3
2013-07-19,3,3
2018-03-12,3,3
2019-04-09,3,3
2017-08-31,3,3
2011-02-07,3,3
2018-04-05,3,3
2020-03-05,3,3
2017-10-04,3,3
2020-01-27,3,3
2011-01-18,3,3
2019-01-17,3,3
2015-05-18,3,3
2015-05-28,3,3
2015-05-19,3,3
2014-08-19,3,3
2020-03-02,3,3
2020-01-23,3,3
2015-05-27,3,3
2017-10-20,3,3
2018-04-12,2,2
2010-01-27,2,2
2012-01-06,2,2
2012-03-09,2,2
2016-12-06,2,2
2011-12-20,2,2
2018-03-05,2,2
2011-12-21,2,2
2019-09-05,2,2
2018-02-09,2,2
2012-03-14,2,2
2018-01-11,2,2
2012-03-06,2,2
2018-03-13,2,2
2011-12-08,2,2
2018-01-10,2,2
2018-03-14,2,2
2010-02-02,2,2
2018-03-15,2,2
2018-04-11,2,2
2018-01-09,2,2
2019-09-24,2,2
2020-02-28,2,2
2012-03-01,2,2
2018-01-18,2,2
2010-04-13,2,2
2017-01-06,2,2
2016-12-20,2,2
2020-02-21,2,2
2020-03-03,2,2
2018-06-14,2,2
2010-04-23,2,2
2020-03-04,2,2
2017-01-12,2,2
2018-06-13,2,2
2012-02-10,2,2
2012-01-05,2,2
2010-05-03,2,2
2010-05-05,2,2
2010-04-15,2,2
2020-03-10,2,2
2020-02-14,2,2
2017-02-13,2,2
2010-05-18,2,2
2010-05-19,2,2
2018-06-21,2,2
2018-06-11,2,2
2017-01-05,2,2
2019-08-27,2,2
2016-12-13,2,2
2017-12-08,2,2
2011-11-16,2,2
2017-06-13,2,2
2017-10-11,2,2
2017-07-13,2,2
2017-07-12,2,2
2018-04-27,2,2
2017-10-16,2,2
2011-05-09,2,2
2017-06-22,2,2
2017-06-08,2,2
2011-07-12,2,2
2017-06-06,2,2
2017-05-22,2,2
2017-05-17,2,2
2017-05-15,2,2
2019-11-14,2,2
2019-11-13,2,2
2011-05-25,2,2
2019-11-26,2,2
2017-09-28,2,2
2017-09-26,2,2
2011-04-15,2,2
2017-08-29,2,2
2017-08-18,2,2
2011-02-14,2,2
2017-08-16,2,2
2019-12-18,2,2
2011-02-15,2,2
2017-09-06,2,2
2011-02-17,2,2
2017-09-13,2,2
2019-12-12,2,2
2011-02-24,2,2
2019-12-11,2,2
2011-03-22,2,2
2019-12-04,2,2
2017-09-19,2,2
2011-06-21,2,2
2011-07-15,2,2
2018-01-03,2,2
2011-09-27,2,2
2017-03-23,2,2
2018-06-05,2,2
2017-03-21,2,2
2010-07-26,2,2
2017-03-15,2,2
2017-03-14,2,2
2018-06-08,2,2
2019-10-21,2,2
2010-10-22,2,2
2010-07-16,2,2
2017-12-20,2,2
2019-10-18,2,2
2011-10-13,2,2
2011-10-31,2,2
2019-10-16,2,2
2011-11-09,2,2
2011-09-01,2,2
2011-08-31,2,2
2011-08-23,2,2
2017-03-31,2,2
2010-10-15,2,2
2011-08-05,2,2
2010-08-19,2,2
2010-08-18,2,2
2011-08-08,2,2
2017-11-13,2,2
2017-11-14,2,2
2017-11-15,2,2
2010-08-05,2,2
2011-08-15,2,2
2011-08-17,2,2
2018-05-24,2,2
2017-04-05,2,2
2017-12-05,2,2
2017-12-06,2,2
2011-04-12,2,2
2012-07-20,2,2
2016-10-13,2,2
2015-09-08,2,2
2019-05-15,2,2
2014-12-17,2,2
2013-03-27,2,2
2019-05-14,2,2
2019-05-13,2,2
2015-01-08,2,2
2013-05-15,2,2
2013-05-21,2,2
2015-01-14,2,2
2014-04-15,2,2
2015-01-23,2,2
2015-09-28,2,2
2014-03-12,2,2
2018-09-26,2,2
2019-03-01,2,2
2019-03-04,2,2
2015-09-16,2,2
2018-09-27,2,2
2014-02-21,2,2
2015-09-10,2,2
2018-11-12,2,2
2014-05-21,2,2
2019-05-16,2,2
2013-03-15,2,2
2015-12-02,2,2
2015-04-09,2,2
2018-08-21,2,2
2015-12-22,2,2
2015-12-16,2,2
2015-12-15,2,2
2014-06-18,2,2
2015-12-08,2,2
2013-03-12,2,2
2015-12-03,2,2
2018-12-07,2,2
2014-12-05,2,2
2015-11-25,2,2
2014-06-03,2,2
2015-11-19,2,2
2019-02-08,2,2
2015-11-17,2,2
2014-05-28,2,2
2015-11-16,2,2
2018-11-28,2,2
2018-11-21,2,2
2014-01-09,2,2
2018-10-03,2,2
2013-03-04,2,2
2018-10-10,2,2
2015-06-24,2,2
2019-04-04,2,2
2015-06-15,2,2
2013-12-12,2,2
2015-03-13,2,2
2015-03-16,2,2
2015-06-08,2,2
2015-03-17,2,2
2013-09-25,2,2
2015-06-02,2,2
2013-09-26,2,2
2019-03-28,2,2
2013-12-09,2,2
2015-03-25,2,2
2013-12-06,2,2
2013-12-05,2,2
2015-04-01,2,2
2015-04-24,2,2
2015-04-07,2,2
2013-11-19,2,2
2015-04-15,2,2
2013-08-29,2,2
2015-07-01,2,2
2013-08-21,2,2
2019-04-16,2,2
2015-08-27,2,2
2014-01-07,2,2
2015-08-19,2,2
2015-08-17,2,2
2013-05-31,2,2
2013-06-05,2,2
2013-06-06,2,2
2013-06-19,2,2
2013-06-25,2,2
2015-02-27,2,2
2015-07-15,2,2
2019-04-11,2,2
2013-12-17,2,2
2013-07-10,2,2
2019-03-11,2,2
2019-04-05,2,2
2013-08-02,2,2
2013-08-05,2,2
2013-08-09,2,2
2013-08-13,2,2
2014-06-25,2,2
2018-08-20,2,2
2018-12-13,2,2
2016-06-14,2,2
2016-07-07,2,2
2016-07-06,2,2
2016-06-30,2,2
2014-09-03,2,2
2016-06-29,2,2
2012-06-27,2,2
2016-06-23,2,2
2012-07-10,2,2
2012-07-12,2,2
2012-07-16,2,2
2012-06-19,2,2
2016-06-07,2,2
2012-08-28,2,2
2016-05-19,2,2
2016-05-16,2,2
2012-08-30,2,2
2019-07-19,2,2
2016-01-19,2,2
2018-12-19,2,2
2012-09-27,2,2
2016-07-12,2,2
2012-06-07,2,2
2018-12-17,2,2
2014-09-15,2,2
2016-10-06,2,2
2012-04-05,2,2
2014-09-11,2,2
2016-09-27,2,2
2016-08-25,2,2
2016-08-23,2,2
2018-07-17,2,2
2012-04-10,2,2
2012-04-11,2,2
2019-01-08,2,2
2014-09-24,2,2
2012-04-16,2,2
2012-05-14,2,2
2016-08-05,2,2
2019-08-13,2,2
2012-05-23,2,2
2012-05-24,2,2
2012-05-31,2,2
2012-06-01,2,2
2012-06-06,2,2
2018-12-18,2,2
2012-09-25,2,2
2019-07-10,2,2
2014-08-20,2,2
2014-08-08,2,2
2014-10-08,2,2
2019-06-18,2,2
2012-12-05,2,2
2019-06-13,2,2
2019-06-12,2,2
2016-02-19,2,2
2012-12-13,2,2
2014-07-18,2,2
2014-07-15,2,2
2012-12-19,2,2
2014-07-09,2,2
2013-01-09,2,2
2019-06-04,2,2
2019-05-30,2,2
2014-07-01,2,2
2013-02-08,2,2
2013-02-15,2,2
2019-05-28,2,2
2016-03-08,2,2
2019-06-19,2,2
2014-10-15,2,2
2012-11-15,2,2
2014-10-10,2,2
2019-07-02,2,2
2016-03-11,2,2
2019-01-10,2,2
2012-11-12,2,2
2016-04-12,2,2
2014-10-17,2,2
2015-04-14,2,2
2016-03-31,2,2
2019-01-16,2,2
2012-11-21,2,2
2012-11-20,2,2
2019-01-07,1,1
2019-02-22,1,1
2018-04-04,1,1
2020-03-16,1,1
2020-03-19,1,1
2020-03-09,1,1
2018-04-06,1,1
2020-03-17,1,1
2018-04-16,1,1
2019-01-04,1,1
2018-04-10,1,1
2018-12-11,1,1
2018-04-03,1,1
2020-03-06,1,1
2018-11-19,1,1
2018-11-16,1,1
2018-11-20,1,1
2018-09-11,1,1
2019-03-15,1,1
2019-09-26,1,1
2019-10-02,1,1
2019-10-10,1,1
2019-06-27,1,1
2019-10-11,1,1
2019-06-26,1,1
2019-06-25,1,1
2019-06-20,1,1
2018-08-10,1,1
2018-06-04,1,1
2019-06-11,1,1
2019-06-07,1,1
2019-06-06,1,1
2019-05-29,1,1
2018-08-13,1,1
2018-08-17,1,1
2019-06-28,1,1
2019-09-25,1,1
2019-03-18,1,1
2019-09-16,1,1
2019-08-21,1,1
2018-07-03,1,1
2018-07-10,1,1
2018-07-12,1,1
2019-08-19,1,1
2019-08-16,1,1
2019-08-28,1,1
2019-08-12,1,1
2018-06-27,1,1
2019-08-29,1,1
2018-06-19,1,1
2019-09-03,1,1
2019-09-06,1,1
2019-09-10,1,1
2019-07-11,1,1
2018-08-27,1,1
2019-11-11,1,1
2018-09-04,1,1
2019-05-21,1,1
2019-12-05,1,1
2019-12-06,1,1
2019-12-09,1,1
2018-10-12,1,1
2019-12-16,1,1
2019-04-10,1,1
2018-10-15,1,1
2019-04-03,1,1
2019-04-02,1,1
2020-01-16,1,1
2020-01-17,1,1
2019-03-27,1,1
2019-03-26,1,1
2019-03-25,1,1
2019-03-20,1,1
2018-05-11,1,1
2019-11-27,1,1
2018-09-20,1,1
2018-05-18,1,1
2018-05-22,1,1
2018-05-21,1,1
2019-11-18,1,1
2019-11-19,1,1
2019-05-20,1,1
2019-05-17,1,1
2019-11-25,1,1
2018-09-18,1,1
2018-05-17,1,1
2018-05-16,1,1
2019-05-10,1,1
2018-09-10,1,1
2018-06-29,1,1
2018-09-12,1,1
2009-08-06,1,1
2015-06-12,1,1
2018-03-28,1,1
2012-09-07,1,1
2012-09-19,1,1
2012-09-21,1,1
2012-09-26,1,1
2012-10-02,1,1
2012-10-03,1,1
2012-10-08,1,1
2012-10-09,1,1
2012-10-10,1,1
2012-11-09,1,1
2012-11-14,1,1
2012-11-19,1,1
2012-11-27,1,1
2012-11-30,1,1
2012-12-03,1,1
2012-12-07,1,1
2012-12-11,1,1
2012-12-18,1,1
2013-01-03,1,1
2013-01-07,1,1
2012-09-10,1,1
2012-09-04,1,1
2013-01-15,1,1
2012-08-27,1,1
2012-03-27,1,1
2012-03-29,1,1
2012-04-09,1,1
2012-04-12,1,1
2012-05-11,1,1
2012-05-15,1,1
2012-05-17,1,1
2012-05-18,1,1
2012-05-21,1,1
2012-06-04,1,1
2012-06-08,1,1
2012-06-14,1,1
2012-06-25,1,1
2012-07-02,1,1
2012-07-09,1,1
2012-08-13,1,1
2012-08-16,1,1
2012-08-20,1,1
2012-08-23,1,1
2013-01-14,1,1
2013-01-16,1,1
2013-11-20,1,1
2013-06-07,1,1
2013-06-14,1,1
2013-06-18,1,1
2013-06-20,1,1
2013-07-01,1,1
2013-07-02,1,1
2013-07-08,1,1
2013-07-09,1,1
2013-07-11,1,1
2013-07-16,1,1
2013-09-16,1,1
2013-09-18,1,1
2013-09-24,1,1
2013-09-27,1,1
2013-09-30,1,1
2013-10-01,1,1
2013-10-08,1,1
2013-10-11,1,1
2013-10-14,1,1
2013-11-08,1,1
2013-06-12,1,1
2013-06-04,1,1
2013-01-18,1,1
2013-06-03,1,1
2013-02-22,1,1
2013-03-01,1,1
2013-03-05,1,1
2013-03-13,1,1
2013-03-14,1,1
2013-03-19,1,1
2013-03-20,1,1
2013-03-26,1,1
2013-04-01,1,1
2013-04-02,1,1
2013-04-03,1,1
2013-04-08,1,1
2013-04-09,1,1
2013-04-11,1,1
2013-05-10,1,1
2013-05-13,1,1
2013-05-16,1,1
2013-05-17,1,1
2013-05-30,1,1
2012-03-20,1,1
2012-03-15,1,1
2012-03-02,1,1
2010-05-10,1,1
2010-05-17,1,1
2010-05-20,1,1
2010-06-23,1,1
2010-07-15,1,1
2010-08-06,1,1
2010-10-12,1,1
2010-11-01,1,1
2010-11-17,1,1
2010-11-22,1,1
2010-11-24,1,1
2010-12-09,1,1
2010-12-21,1,1
2011-01-06,1,1
2011-01-13,1,1
2011-01-19,1,1
2011-01-21,1,1
2011-02-04,1,1
2011-02-08,1,1
2011-02-23,1,1
2010-05-12,1,1
2010-05-06,1,1
2012-02-17,1,1
2010-05-04,1,1
2009-10-20,1,1
2009-10-22,1,1
2009-10-27,1,1
2009-11-02,1,1
2009-12-03,1,1
2009-12-17,1,1
2009-12-22,1,1
2010-01-19,1,1
2010-01-21,1,1
2010-01-22,1,1
2010-01-25,1,1
2010-01-26,1,1
2010-02-04,1,1
2010-02-12,1,1
2010-03-04,1,1
2010-03-17,1,1
2010-04-16,1,1
2010-04-19,1,1
2010-04-30,1,1
2011-03-03,1,1
2011-03-07,1,1
2011-03-17,1,1
2011-03-23,1,1
2011-09-30,1,1
2011-10-05,1,1
2011-10-06,1,1
2011-10-11,1,1
2011-10-14,1,1
2011-11-04,1,1
2011-11-07,1,1
2011-11-10,1,1
2011-11-15,1,1
2011-11-17,1,1
2011-11-21,1,1
2011-11-22,1,1
2011-11-23,1,1
2011-11-30,1,1
2011-12-07,1,1
2011-12-12,1,1
2011-12-14,1,1
2011-12-22,1,1
2012-01-17,1,1
2011-09-29,1,1
2011-09-22,1,1
2011-09-06,1,1
2011-05-18,1,1
2011-04-07,1,1
2011-04-14,1,1
2011-05-02,1,1
2011-05-10,1,1
2011-05-11,1,1
2011-05-12,1,1
2011-05-13,1,1
2011-05-17,1,1
2011-05-24,1,1
2011-08-29,1,1
2011-05-26,1,1
2011-06-08,1,1
2011-06-23,1,1
2011-06-27,1,1
2011-07-14,1,1
2011-08-11,1,1
2011-08-16,1,1
2011-08-24,1,1
2013-11-18,1,1
2013-12-03,1,1
2018-03-27,1,1
2016-05-31,1,1
2016-06-09,1,1
2016-06-15,1,1
2016-06-16,1,1
2016-06-21,1,1
2016-06-28,1,1
2016-07-13,1,1
2016-08-12,1,1
2016-08-15,1,1
2016-08-16,1,1
2016-08-18,1,1
2016-08-19,1,1
2016-09-14,1,1
2016-09-21,1,1
2016-09-29,1,1
2016-10-04,1,1
2016-10-07,1,1
2016-10-11,1,1
2016-11-23,1,1
2016-12-12,1,1
2016-06-06,1,1
2016-05-23,1,1
2017-01-04,1,1
2016-05-20,1,1
2015-10-16,1,1
2015-12-01,1,1
2015-12-04,1,1
2015-12-07,1,1
2015-12-09,1,1
2015-12-14,1,1
2015-12-17,1,1
2015-12-21,1,1
2015-12-23,1,1
2016-01-05,1,1
2016-01-08,1,1
2016-01-12,1,1
2016-01-13,1,1
2016-01-14,1,1
2016-01-15,1,1
2016-03-07,1,1
2016-03-15,1,1
2016-03-16,1,1
2016-04-05,1,1
2016-12-15,1,1
2017-01-11,1,1
2013-12-04,1,1
2017-08-17,1,1
2017-08-28,1,1
2017-09-05,1,1
2017-09-12,1,1
2017-09-14,1,1
2017-10-10,1,1
2017-10-12,1,1
2017-11-22,1,1
2017-11-28,1,1
2017-12-14,1,1
2017-12-15,1,1
2017-12-18,1,1
2017-12-19,1,1
2018-01-05,1,1
2018-01-16,1,1
2018-02-23,1,1
2018-03-09,1,1
2018-03-16,1,1
2018-03-20,1,1
2018-03-21,1,1
2017-08-21,1,1
2017-08-15,1,1
2017-01-17,1,1
2017-08-11,1,1
2017-01-20,1,1
2017-03-10,1,1
2017-03-16,1,1
2017-03-20,1,1
2017-03-22,1,1
2017-03-27,1,1
2017-03-28,1,1
2017-03-29,1,1
2017-04-04,1,1
2017-04-12,1,1
2017-04-13,1,1
2017-05-19,1,1
2017-05-23,1,1
2017-06-12,1,1
2017-06-20,1,1
2017-06-21,1,1
2017-06-28,1,1
2017-07-10,1,1
2017-07-28,1,1
2015-10-14,1,1
2015-10-09,1,1
2015-10-08,1,1
2014-06-04,1,1
2014-06-11,1,1
2014-06-16,1,1
2014-06-17,1,1
2014-06-19,1,1
2014-06-23,1,1
2014-06-24,1,1
2014-06-27,1,1
2014-07-02,1,1
2014-07-10,1,1
2014-07-11,1,1
2014-08-15,1,1
2014-08-25,1,1
2014-09-02,1,1
2014-09-08,1,1
2014-09-16,1,1
2014-09-18,1,1
2014-09-22,1,1
2014-09-25,1,1
2014-09-30,1,1
2014-06-06,1,1
2014-05-30,1,1
2015-10-01,1,1
2014-05-29,1,1
2013-12-16,1,1
2013-12-18,1,1
2014-01-03,1,1
2014-01-06,1,1
2014-03-03,1,1
2014-03-04,1,1
2014-03-07,1,1
2014-03-14,1,1
2014-03-17,1,1
2014-03-19,1,1
2014-03-20,1,1
2014-04-02,1,1
2014-04-08,1,1
2014-04-11,1,1
2014-04-14,1,1
2014-05-09,1,1
2014-05-13,1,1
2014-05-15,1,1
2014-05-19,1,1
2014-10-01,1,1
2014-10-07,1,1
2014-11-07,1,1
2014-11-11,1,1
2015-06-09,1,1
2009-08-27,1,1
2015-06-16,1,1
2015-06-17,1,1
2015-06-18,1,1
2015-06-29,1,1
2015-07-07,1,1
2015-07-08,1,1
2015-07-09,1,1
2015-07-17,1,1
2015-07-24,1,1
2015-08-21,1,1
2015-09-01,1,1
2015-09-02,1,1
2015-09-11,1,1
2015-09-21,1,1
2015-09-22,1,1
2015-09-23,1,1
2015-09-30,1,1
2015-05-29,1,1
2015-05-22,1,1
2015-05-20,1,1
2014-12-15,1,1
2014-11-14,1,1
2014-11-17,1,1
2014-11-18,1,1
2014-11-19,1,1
2014-11-26,1,1
2014-12-02,1,1
2014-12-03,1,1
2014-12-08,1,1
2014-12-16,1,1
2015-04-17,1,1
2015-01-09,1,1
2015-02-06,1,1
2015-02-10,1,1
2015-02-13,1,1
2015-03-18,1,1
2015-03-19,1,1
2015-03-24,1,1
2015-03-30,1,1
2020-03-27,1,1
