cik,SCRisk_first_order_delta_pp,SCRisk_first_order_delta_over_cluster_se,Resolution_first_order_delta_pp,Resolution_first_order_delta_over_cluster_se
0000001800,0.00095479051278638894,0.0089616066930014119,0.00011682088796157845,0.0011285375315899788
0000002969,3.9364012919503356e-05,0.00036946827279769781,-0.0022000940762418107,-0.021253808127911784
0000003197,-0.0055978290578681915,-0.052540889000740096,0.0033455997408006937,0.032319861105773028
0000004127,0.0042332541910377088,0.039733070850136561,-0.011295720343140544,-0.10912127596368851
0000005981,-0.0066572800395333885,-0.062484832599938679,-0.0050809928778178795,-0.049084468200967228
0000006176,-0.0045509056256583906,-0.042714528232060796,0.0021039709480392427,0.020325219416395476
0000006281,0.0037254571845873096,0.034966918494462623,0.0032983600517591861,0.031863506399057266
0000006845,-0.0025027838320277741,-0.023490979476514507,0.0025568046230396292,0.024699777825623045
0000006951,0.0002805938676350879,0.0026336372728248195,0.0018864947747108713,0.018224310682433832
0000007431,0.0017647826464833286,0.016564144453282841,-0.0025378671034294179,-0.024516833644935312
0000007536,-0.0021764425936005175,-0.020427960115380187,-5.6467999409035618e-05,-0.00054550395720204205
0000007623,-0.0015959981544956959,-0.014979943298354089,0.0050872996291865778,0.049145393997253962
0000008063,-0.0059526517856450557,-0.0558712339188044,-0.0027034750988196247,-0.02611667457741219
0000008818,0.0029196718187839595,0.027403865206226348,-0.0014005416354923247,-0.013529804710330025
0000008858,0.0024549769961722608,0.023042267372197819,-0.0071626810992336575,-0.06919442736947784
0000009092,-0.0031344891382001187,-0.029420127728394047,-0.00061852684204783878,-0.0059752221347297929
0000009326,0.0085140185007850228,0.079912068835190669,-0.0046111675461554674,-0.044545763442558568
0000009389,0.0017427056052498255,0.016356930663629182,-0.0031159324793689131,-0.03010118147727631
0000010456,-0.0061826055614900722,-0.058029566316431282,0.0018283094043956634,0.01766221622025366
0000010795,-0.00041033737261426695,-0.0038514020568523721,0.0013146818034793935,0.01270036363542164
0000012208,0.0017210898429763954,0.016154046410727898,-0.0017071960546255244,-0.016492211752926381
0000012927,-0.00054934011582141371,-0.0051560734975387703,0.0024793920962412723,0.0239519411721652
0000014930,-0.0028517784886043711,-0.026766622466589205,0.0019972004270343833,0.019293772537982517
0000016040,0.0034532683390145254,0.032412170256415233,0.0023772711728808965,0.022965411307654053
0000017843,-0.0016253567143078274,-0.015255500986230007,-0.0041780954348451492,-0.04036210981668175
0000018230,-0.0008536978390715149,-0.0080127568989950201,-0.00111754316863019,-0.010795923836719632
0000021076,0.00046416780811516515,0.0043566513074594073,-0.00061486094557719321,-0.005939808076283264
0000021535,0.0027323069853818888,0.025645270077176565,-0.00067994107235565065,-0.0065685087043274443
0000021665,-0.0016425842524880514,-0.015417197630040683,0.00058634145044740202,0.0056642980951696767
0000022444,-0.0056761015491268293,-0.053275549925987722,0.0087533682399012231,0.084561115387217514
0000023197,0.0014047470186311511,0.013184871566644,0.0026539986290739855,0.025638711654746391
0000024741,-0.0042408443280493261,-0.039804311422527258,0.003341171595052836,0.032277083407717427
0000025895,-0.0016282768634246943,-0.015282909331327515,0.00039088783278703586,0.0037761362513108348
0000026058,0.00030475523167340364,0.0028604143917615428,-3.4014598338369665e-05,-0.00032859492438915054
0000026172,0.0046206729883519482,0.043369360528878478,-0.0004251256075865208,-0.0041068871515441245
0000026324,0.002839434128669935,0.026650759041965909,-0.00061431330243903758,-0.0059345176197038753
0000026780,0.00078076730041751468,0.007328235221649753,-0.0030814247997153449,-0.029767823185821243
0000029002,0.0095759943584872356,0.089879710769981525,-0.0081564192772108236,-0.078794344387656284
0000029644,0.002978740603670274,0.02795828129111165,-0.0053509598218053778,-0.051692459236600728
0000029905,0.0083069732506584493,0.077968754490902084,-0.0022372536958097816,-0.021612785242996313
0000030305,-0.0066671851947564722,-0.062577801794912513,-0.00094354295126911818,-0.0091150106094432977
0000030625,-0.0013793637566521517,-0.012946625786658856,-0.0039027757101551767,-0.037702408731360056
0000031107,0.0020108118531047842,0.0188733598834805,-0.00081204781679697217,-0.0078447138580430287
0000032604,0.0021650968613884788,0.020321469750879513,-0.0010502004147302923,-0.010145365305768749
0000034067,-0.00095178414004454173,-0.0089333890581127194,-0.012963298513665532,-0.1252307627612598
0000037472,0.00032019144578275603,0.0030052977748957904,0.005277597780493944,0.050983751928698418
0000037785,0.0037813238162399845,0.035491279360463458,-0.0011119659293014092,-0.010742045424947423
0000037996,0.00213564272076459,0.020045014947216524,0.00083489724291719832,0.0080654486547212436
0000038725,-0.0032873571706894672,-0.030854937945668372,-0.0011567311961322008,-0.011174496201616778
0000039020,0.00056007741953272071,0.0052568531884923664,-0.0014429120573387552,-0.013939120305489029
0000039368,-0.0001869229812110715,-0.0017544479307909557,-0.0045365771982287103,-0.043825190190646755
0000040533,0.0045241092387922873,0.042463018946336195,-0.0040098908010893506,-0.038737184296143014
0000040987,-0.0011567140253443424,-0.010856848714555259,0.0011802812229632419,0.011401999087552057
0000042582,-0.0040874204752847296,-0.038364284309366281,-0.0038240796283967099,-0.036942172412297726
0000042888,0.0018755913616207486,0.017604188431433004,0.0001640638975582128,0.0015849243162256385
0000043920,-0.0011630326592313048,-0.010916155034605276,-0.0008038073405338738,-0.0077651074888109997
0000046080,0.0039633052399225136,0.037199346127607953,-0.0085874055039813178,-0.082957847516213407
0000046129,0.005369929561104104,0.05040183794379937,0.0013003250056268132,0.012561671099413729
0000046619,0.004634219058569632,0.043496503134403945,-0.0036450736361492786,-0.035212901353365418
0000047217,-0.0059514411684265418,-0.055859871137940109,-0.0040689186524368974,-0.03930741746948381
0000048898,0.0037773956276787144,0.035454409617383047,-0.0057068647287234747,-0.055130646123745519
0000049826,0.0029964963733134699,0.02812493588386571,-0.00076759618672920019,-0.007415292940712445
0000050725,0.00023899660510929229,0.0022432078526855069,-0.00049164338130946181,-0.0047494760367513475
0000050863,0.0060984559541140343,0.057239743130532851,-0.0002927793542485598,-0.002828368243980888
0000051253,-0.0058136368331618863,-0.054566447882582907,0.0023430049597621015,0.022634385681631251
0000051434,0.0039886677590047414,0.037437397216003629,-2.3062210756857869e-05,-0.00022279038324988755
0000055785,-0.0013963182856390431,-0.013105759982496435,0.00093004875592062909,0.0089846511662383683
0000057131,-0.00084564266955808039,-0.0079371515593334545,-0.0076844245381505784,-0.074234682266977201
0000059527,0.0027014816990486904,0.025355945781828145,-0.0045616242505603895,-0.044067154954870208
0000060519,-0.00023027409885262472,-0.0021613389302332087,0.0088918566751384157,0.08589897028271995
0000060714,-0.0011301411383845073,-0.010607437185594136,0.001506241126014817,0.014550904996468956
0000061986,0.01185582895000523,0.11127810199892195,0.0018143104806805136,0.017526980894704624
0000062996,0.0014072263141480317,0.013208142086198247,0.00068309253467558294,0.0065989531185884024
0000063276,-0.0045128889581640148,-0.042357706062903538,0.0025875499415440022,0.024996790170404098
0000063296,0.010800901853688663,0.10137661931725002,-0.0067377546949340568,-0.065089464603115418
0000065270,-0.0025143286815801683,-0.023599338744472145,-0.001036741688516801,-0.010015348508906922
0000065770,-0.0052061518310491939,-0.048864629957157985,0.0030106465281619461,0.029084076149971379
0000066570,-0.0050208216492785987,-0.04712513194672676,0.0019918349136344442,0.019241939485231951
0000066740,-3.325578812432371e-05,-0.00031213683990872679,-0.00066416733582214864,-0.0064161279614475949
0000067347,0.0009406602125641469,0.0088289805395678021,0.0067349800378142038,0.065062660281117124
0000068505,-0.0024902211791714654,-0.023373067167572096,0.00097054364162099823,0.0093758483155473461
0000069488,-0.012862062245804993,-0.12072254757897294,0.0042381165202744304,0.040941938037264959
0000069633,-0.00093533282456448232,-0.0087789779941773137,-0.00055229331139677754,-0.0053353791537894182
0000072331,0.0011705196529044942,0.010986427509785519,0.00078727104045556184,0.0076053600703686131
0000072573,0.0003706632107815228,0.0034790227448900572,0.00058735850807091928,0.0056741232875642629
0000073309,0.0028911571236999332,0.027136227982257542,-0.002494029389995251,-0.024093343413241347
0000074046,-0.0022532761754770745,-0.021149115523159435,0.00046693629670136589,0.0045107954997092407
0000074303,0.0015585313890225496,0.014628282476704951,-0.00041121677302810344,-0.0039725221240756439
0000075288,-2.0176530438501435e-06,-1.8937570890974483e-05,8.4167316469294768e-07,8.1309068289269219e-06
0000075362,0.0028167190680448346,0.026437556840431913,-0.0028903800303307046,-0.027922252618548818
0000075677,0.011130552623928954,0.10447070174619785,0.00030897008640136273,0.0029847773350020774
0000076267,-0.0040763046399171152,-0.038259951742908326,0.0014639692501658276,0.014142541395928729
0000076282,-0.0044499445242289848,-0.041766913367662813,0.0061307830488465248,0.059225870384879219
0000076334,0.0014844275551238655,0.013932748320311333,-0.00085236409154616853,-0.0082341855525513378
0000076605,0.0016499841219458859,0.015486652362542305,-0.0055239075329127007,-0.053363204823223792
0000078239,0.000274524665240516,0.0025766721018559034,-0.00012446585221555874,-0.0012023910113813506
0000079879,-0.00056634101220734618,-0.0053156428950127494,-0.00070712042986478428,-0.006831072408205875
0000080420,-0.002493841047056983,-0.023407043031215699,0.017365455473446492,0.16775739850038199
0000080424,0.0046218456044599277,0.043380366633590309,-0.0017184344321612784,-0.016600779073930202
0000081362,-0.0036346584199840664,-0.03411468671619533,0.0017937057125430144,0.017327930411707739
0000084748,-0.0087735453134627599,-0.082347971989191179,-0.00017843737437971802,-0.0017237779778913693
0000088205,-0.0050729401744692253,-0.047614313309468449,0.00016209892505828256,0.0015659418786375693
0000088941,-0.0014169474362253718,-0.013299383957064285,-0.0028807459271305829,-0.02782918324342025
0000089800,0.0016427287577618264,0.015418553947904437,0.0010565780505675916,0.010206975874998225
0000090896,0.0036339325509614213,0.034107873752928029,-0.00265280154117705,-0.025627147296318056
0000091142,0.001755107416587046,0.016473333323685606,-0.0010486012277434304,-0.010129916505762218
0000091440,0.001001927490233485,0.0094040315463286474,0.0017421552470580897,0.01682993184239533
0000091767,-0.00076788502474604121,-0.0072073229520654468,-0.00079656482419867918,-0.007695141820427201
0000093389,0.0023097136594629835,0.02167883437504484,-0.0016666894969333992,-0.016100901847405778
0000093556,0.00073684359935390488,0.0069159699884267,-0.0005563630371001689,-0.0053746943677010278
0000094049,-0.0017637897054178491,-0.016554824767782209,-0.00048592836196541657,-0.0046942666137101616
0000095029,0.0030760896040871407,0.028871993191271646,-0.0013942267099893279,-0.013468799948564555
0000096943,-0.0058328228982925468,-0.054746527143305253,0.0040958401974320584,0.039567490599089018
0000097134,0.0062760825364898869,0.05890693561742609,0.00090277638442609988,0.0087211889092388868
0000097210,-0.00025457358432683303,-0.0023894124487128321,-0.0012232834624658329,-0.011817418299543119
0000097216,0.0036241276303768388,0.034015845354280962,0.010638400729557986,0.1027712997982778
0000097476,0.00073865037896048266,0.0069329283138376153,-0.0015436643466971004,-0.014912428606072245
0000097745,0.0025520736953969191,0.023953611188445727,-0.00080752577563079355,-0.0078010290918640044
0000098362,-0.0055815194131121383,-0.052387807649753711,-0.00015789490131824075,-0.0015253292907937512
0000099780,0.0018640942871443425,0.017496277577483465,0.001322022952111723,0.012771282132114535
0000100378,-0.001819972231359776,-0.017082150598703549,-0.0090410132109340242,-0.087339883390508091
0000100726,-0.0032569814342549904,-0.030569833098803442,0.0047952875127167628,0.046324437583846148
0000101984,-0.019555028286247,-0.18354232685077981,0.0076173580924990139,0.073586792986654118
0000102729,-0.0018279058790550678,-0.017156615341842395,0.0017915336125274282,0.017306947037649133
0000103145,-0.0011708040627967568,-0.010989096964037446,0.0044152158534871665,0.042652789990520662
0000103379,-1.3094695188846909e-33,-1.2290602647979804e-32,2.2434024422875726e-34,2.1672184647447864e-33
0000103730,0.010982420081465874,0.10308033855530861,-0.0085021378725964724,-0.082134127341451285
0000105016,-0.0074173752965002032,-0.069619041257158953,0.0034378952753690824,0.033211473698144728
0000105132,-0.0038591951975806907,-0.036222175491992435,0.0018765030369127941,0.018127786410895637
0000105770,0.0026096841979302045,0.024494339922315089,0.004887732362921708,0.047217492626304029
0000106040,0.0080016454091539797,0.075102965617486347,0.0043440927412441077,0.041965711652645184
0000106640,0.00038230366941421017,0.0035882793939615541,-0.00021258015290613933,-0.0020536111752944191
0000107687,-0.0087754799774098016,-0.0823661306293791,0.0099297198619565531,0.095925152923662313
0000108312,-0.00032396279481514335,-0.0030406954315311237,-0.0035025897654905867,-0.033836448918442723
0000109563,0.00030565031301643528,0.0028688155717555542,-9.64028940263283e-05,-0.00093129136373611989
0000110471,-0.00037175405307114608,-0.0034892613254297487,-8.727025909193234e-05,-0.00084306637704396794
0000110621,-0.00030211192175969985,-0.0028356044428805103,-0.00090489136720414882,-0.0087416205074345773
0000216228,0.0010569750843699127,0.0099207049751491548,0.002569854244600944,0.024825842504311614
0000217346,0.0041435100743634958,0.038890737934303476,-0.0012042480663775953,-0.011633528592067838
0000277509,-9.8416138532527912e-05,-0.00092372799473948572,-0.0015801634841923317,-0.015265025194343161
0000278166,-0.0013098800853388057,-0.012294456200181929,0.0056409957042595259,0.054494324421574987
0000310142,0.0030874341310067172,0.028978472242969299,-0.0015063570997377472,-0.01455202535004004
0000310354,0.00014686984722451517,0.0013785116088410228,-0.00056316216607507456,-0.0054403767329371617
0000310764,0.0043234999065317479,0.040580111742516085,-0.0025430892581006954,-0.024567281793765022
0000313143,-0.00189688627625936,-0.017804061227608314,-0.0019901921060494709,-0.019226069292416496
0000313616,0.0025657004196108289,0.024081510807559745,-0.0020182265677564271,-0.019496893652394206
0000313927,-0.00052122438800098207,-0.004892180956463054,0.00096903221962034935,0.0093612473611840805
0000315189,0.00097968482980767199,0.0091952632648336675,-0.0035203479028939944,-0.034007999784906512
0000319201,-0.0019093315715573299,-0.017920872025521655,-0.0014961447832357935,-0.014453370198054542
0000320187,-0.0026041518650794285,-0.024442413776799947,6.4968198308914841e-05,0.00062761935327443417
0000320193,0.0012851358700966325,0.012062208474678043,-0.0013858266012007172,-0.013387651463881715
0000351998,0.0014415981909104388,0.013530754467364545,-0.0034875947350486583,-0.033691590794725876
0000352825,0.011633603723790869,0.10919230930625626,-0.0092660467111595445,-0.089513798991569846
0000355811,-0.0068039219205447629,-0.063861204531526841,-0.016793646505822171,-0.16223349012985153
0000355948,0.0021050104977423352,0.019757502732566812,0.0051178350198306834,0.049440378353090814
0000704440,-0.00019223198697289567,-0.0018042779415956304,-0.00088464643484470983,-0.0085460461851469254
0000704532,0.00043174422214268388,0.0040523254672139644,0.0022249540552831508,0.021493965687679004
0000707549,-0.0079703254939469427,-0.074808998765088008,0.0090067424765007641,0.087008814086739342
0000711377,-0.0016083957241190983,-0.015096306145938113,0.0032233405981499392,0.031138787810843373
0000711404,-0.0012103412327606857,-0.011360190478505942,8.984839707088954e-05,0.00086797224380837448
0000712034,0.0039044876228387861,0.036647287488707492,-0.0040581574481519129,-0.039203459837140645
0000715787,-0.0010887417435131157,-0.010218864939434131,0.0022873733306449364,0.022096961403338972
0000716314,-0.00089386887020893803,-0.0083897997965572419,0.0013982384955751523,0.013507555437255786
0000717605,0.0005809684574805316,0.0054529352221842258,-0.0013382601285133334,-0.01292813989356462
0000718937,-0.012129364236372306,-0.11384548784979881,0.0098626302781857304,0.095277040119648826
0000719733,-0.012175061879763157,-0.11427440319969136,0.012303120861305451,0.11885317677295308
0000720500,0.00064860777580188665,0.0060877938217002029,-0.00035925575108922868,-0.0034705574115913773
0000722313,0.014386723635095449,0.13503292826232502,-0.011363845766569033,-0.10977939540222416
0000723125,0.010267952614987664,0.096374389612814929,-0.0009967223709266503,-0.0096287455419447297
0000723603,0.0036463758028920787,0.034224665371917894,-0.001056446734057046,-0.010205707303826972
0000724910,0.0032914097532442672,0.030892975243338047,-0.0043253164755900735,-0.041784325251091291
0000729580,0.014912897214669214,0.13997156203511757,-0.0072407745560943886,-0.069948842085687871
0000730272,0.0029945866408850473,0.028107011249421606,-0.0017529193351485315,-0.01693391733347805
0000737758,0.0002458334579921835,0.0023073781452616032,0.0010730391038448743,0.010365996378583384
0000740664,-0.0034043074023614056,-0.031952625830983364,0.0014565602404090039,0.014070967333033044
0000746598,-0.00073883731625226895,-0.0069346828960866096,0.0085833494263743409,0.082918664148492208
0000751978,0.0029474209045404899,0.027664316466801484,-0.0021061257889320836,-0.020346036060273201
0000763532,5.4926211352227809e-05,0.00051553413726206424,0.0030524109155079283,0.029487537204122109
0000763744,0.00074583042260374004,0.0070003197743808065,0.00048774742795597244,0.0047118395347742125
0000764401,-0.0062890795766130572,-0.059028925059295488,0.012398644507341915,0.11977597424168933
0000766792,0.0004788100340498765,0.0044940823650366467,0.00013467106325738408,0.0013009775217174492
0000769520,0.0015805454571783714,0.014834905204814881,-0.00075581393105761006,-0.0073014715345906941
0000771266,-0.011713442697292664,-0.10994167314022234,0.0028152245121794983,0.027196219591239322
0000772406,0.0041685217066324666,0.039125495620039558,0.0021735709831502878,0.020997584206574334
0000773840,0.00091712172069442061,0.0086080496615814888,-0.00092276658042567464,-0.0089143023741594732
0000775158,0.00019209932278756037,0.0018030327634803254,8.1041898695356321e-06,7.8289786959248847e-05
0000780571,-0.0058213312624370156,-0.054638667335926226,0.0022416719629346537,0.021655467509515709
0000784199,0.0019677852479060912,0.01846951473843348,-0.0068386367089834236,-0.066064026097242573
0000785786,0.000292937851174884,0.0027494971646305154,0.0039032799571239738,0.037707279963204013
0000788329,0.011700571740590901,0.1098208671098113,-0.0049015249754666319,-0.047350734901613088
0000788920,0.0015501781302021264,0.014549879288622346,-0.00012254549024514084,-0.0011838395297442015
0000790051,-0.00041485880097598507,-0.003893839913246704,-0.00091838492139289358,-0.0088719737567742839
0000792987,-0.0034314138292602337,-0.032207045133926568,0.0062024137285044368,0.05991785203146488
0000793952,-0.0013864952533867022,-0.013013561588818175,0.0015579441404933777,0.015050377251418655
0000795403,-0.00190263844621748,-0.017858050751075126,0.00074341683359662207,0.0071817105054491834
0000796505,-0.0029638718976632518,-0.027818724505110561,-0.00073954548641779686,-0.007144311709177782
0000798081,0.00043898025273512011,0.0041202424179162672,0.001967539644522925,0.019007237254228145
0000804328,0.00335254697385301,0.031466805542300594,-0.0026681632364665979,-0.02577554755234766
0000810136,0.0099513970692784483,0.093403218178721409,-0.004740764676060937,-0.045797724693981058
0000811596,-0.0054280427345966571,-0.050947284717251892,0.0038719114273181661,0.037404247142495649
0000812074,0.0041987780092816365,0.039409479468533182,-0.0001727071792406131,-0.0016684219504663662
0000814453,-0.0025586123739693169,-0.024014982834762968,-0.0046255715002798204,-0.044684911527428275
0000815556,-0.0013297847173504005,-0.012481279886705872,0.0061142169671050076,0.059065835263396163
0000816956,-0.0070174423880273824,-0.065865294878948558,0.0010531596041490096,0.010173952285206919
0000817720,-0.018155699197317458,-0.17040830764852982,0.012387308457771178,0.11966646336890133
0000818479,-0.00021974070559472756,-0.0020624731306092591,0.0039326918796772862,0.037991411158034068
0000819793,-0.0053824345628107713,-0.050519209142496579,7.772578332596039e-05,0.00075086283956706608
0000820313,0.0056397152580166671,0.052934030372138445,-0.004422346836042648,-0.042721678196999804
0000821002,-0.0088287840542453522,-0.082866439509009321,0.0031338033016281618,0.030273820925510675
0000822663,0.0042591011145209929,0.039975668529291672,-0.0017651595906558292,-0.017052163205233277
0000824142,0.0054097718862564708,0.05077579562662992,0.0020922449237693245,0.02021194122860007
0000825542,-0.0011295635062897459,-0.010602015565273046,-0.0037663176741169189,-0.036384168322103103
0000827054,-0.0040431360278981596,-0.037948633132714779,0.0020415711488263226,0.019722411848294985
0000832101,-5.4036952885674441e-05,-0.00050718761043869209,-4.1564621969938488e-05,-0.00040153123895833115
0000833640,-0.016724827534745364,-0.15697823173511219,0.0088606042521400235,0.085597059101233205
0000834365,0.0026763883976634664,0.025120421554647606,-0.014437243897912368,-0.13946967769044138
0000836157,0.0064713139546330204,0.060739366040734127,-0.0053333716296985528,-0.051522550111171933
0000840715,-0.00086511297732746616,-0.0081198987044760265,0.0048058609188336701,0.046426581009117812
0000842023,0.0023918568480416577,0.022449825434018439,-0.00087769983214979483,-0.0084789391634913971
0000842162,-0.0013391616391736966,-0.012569291114557483,0.00055610012169399962,0.0053721544974032363
0000842633,-0.0059845128587170818,-0.056170280046582963,0.00069364067671209275,0.0067008524825160109
0000846913,0.0047822442853884114,0.044885859067069156,0.00040372299575957508,0.0039001291723657449
0000849869,-0.00013807217398836418,-0.0012959371736114083,-0.00059694283246642917,-0.0057667117790917693
0000851205,-0.0010163275907063777,-0.0095391900287911131,-0.0041911683496656535,-0.040488399517775872
0000851310,-0.0047892125410225524,-0.044951262698015616,-0.00047014378508680624,-0.0045417811486652641
0000851968,-0.007298056659020862,-0.068499123656475897,0.001830635500063144,0.017684687255259696
0000854775,-0.0094424148107756876,-0.088625941118116822,0.0032689685723532192,0.031579572693387292
0000855658,-0.0014973398560684337,-0.01405394240531454,-0.0078536917915483194,-0.075869873127633283
0000856982,-0.0052253136929644988,-0.049044482047947438,-0.0013552711001091223,-0.0130924728329014
0000858877,0.0036831597797093839,0.034569917580047994,-0.00090959819057333648,-0.0087870903452296825
0000861884,0.0053845266153152646,0.050538845022278907,-0.0028371340675712457,-0.027407874852481376
0000863436,-0.011917692291147178,-0.11185874762181487,-0.0055106640355695197,-0.053235267225230122
0000864240,-0.010494833415901361,-0.098503879251383,-0.0072064941324669531,-0.069617679180342659
0000866706,-0.0019721892353843731,-0.018510850301714361,0.00085412567015126896,0.0082512031219722764
0000874716,0.00039557895406356475,0.0037128804223253236,0.0002374118518928246,0.0022934955381733926
0000875582,-0.0044397169878359058,-0.041670918322293485,0.0013067893388797977,0.012624119201118772
0000875657,-2.8614208063244897e-05,-0.00026857124684467854,-0.0022029002031145771,-0.021280916460587371
0000877212,-0.0017255487149112126,-0.016195897116237822,0.011997269141722697,0.11589852413614044
0000879526,0.0055060788616907554,0.051679727142576702,-0.0049567130476838089,-0.047883874238934906
0000880266,0.0011312936247665343,0.010618254353901168,0.0026281591862108346,0.025389092074076611
0000880807,0.011872446989915433,0.11143407792839492,-0.0025079078667332561,-0.024227415171755015
0000883569,0.021888770472404933,0.20544669154139514,-0.011498584720903194,-0.11108102877949569
0000883984,0.00046014178764385331,0.004318863319917955,-0.016741027248509621,-0.161725166594585
0000884624,-0.0026169416264578533,-0.024562457712758518,-0.0049106638241609773,-0.047439019915766399
0000885725,0.0038646266010397743,0.036273154320268876,0.00039964411685470424,0.0038607255347862112
0000886128,0.0017643001274496796,0.016559615558469222,-0.0028033794170309822,-0.027081791130083029
0000889331,-0.00051116870926453718,-0.0047977989567883697,0.0039083626046734514,0.037756380416209608
0000889971,-0.0017094141706538476,-0.016044459248067806,-0.0053049587489746872,-0.051248070068801277
0000891014,0.0050717926945036927,0.047603543131087445,0.00082385843720793165,0.0079588092791419863
0000895456,0.0040751574633163291,0.038249184411890701,-0.0062987783718005813,-0.060848773877511343
0000896156,0.0056301925942533497,0.052844651219147595,-0.0010921604867581546,-0.010550716753938153
0000896622,-8.5955059712602131e-05,-0.00080676905363231879,-0.0016125305900722216,-0.015577704668123707
0000897077,0.0029868421039509247,0.028034321488585496,-0.0040585732796098676,-0.039207476939007495
0000897723,-0.0027984839761189175,-0.026266403357377399,0.0090849482463054021,0.087764313791898654
0000898293,-0.0049588137491508926,-0.046543129501832613,0.011542574192209581,0.11150598505427067
0000898437,-0.0097373186506160454,-0.091393890934870423,0.0009447175352718869,0.0091263575710548682
0000899751,0.0018297195193569004,0.017173638061328961,0.00077733573374062944,0.0075093809461614187
0000903129,0.00041540455349625336,0.0038989623137867823,0.00096643043816494367,0.0093361130887722344
0000908255,-0.00084365549725354293,-0.007918500078840084,9.6908997446958119e-05,0.0009361805296636608
0000910521,-0.00010308180135345942,-0.000967519627148282,9.5222497973291546e-06,9.1988825534311755e-05
0000912562,0.00093780591388426741,0.0088021902627365162,-0.007107970262047212,-0.068665898317636365
0000912767,-0.0025724618143059558,-0.024144972854095004,0.00094658240142974173,0.0091443729404571579
0000913142,-0.0078362095326735479,-0.073550194367588861,0.00080986067540342029,0.0078235851781246809
0000913241,0.0066819106980569708,0.062716014488868224,-0.0029380586653372657,-0.028382847722718721
0000915389,-0.00095460839045469204,-0.0089598973036800669,-6.0152684701747954e-06,-5.8109952335020484e-05
0000915779,0.021719597998205144,0.20385884880860961,-0.010291048389605595,-0.09941573420412822
0000915913,-0.00099507110948067728,-0.0093396779663325342,-0.0015090153496998707,-0.014577705131309899
0000917520,0.0019159630634909277,0.017983114812500426,0.0038883926274105689,0.03756346227255046
0000918251,0.0037129644603362596,0.034849662531230112,-0.00078175766590332749,-0.0075520986184444
0000918541,0.001011354509637494,0.009492512987078908,-0.00052593479101836023,-0.0050807450721343751
0000918646,0.00063406708882262893,0.0059513158026906991,-0.003376630414057931,-0.032619630094113672
0000918965,0.016436363367677492,0.15427072430215463,-0.0056671165936413607,-0.054746662890664571
0000920371,-0.0059969042753315631,-0.056286585142392966,0.0043107758016772022,0.041643856397176368
0000923120,0.0079629401296567402,0.07473968017722292,-0.010107650256594731,-0.097644033270007924
0000924383,0.00095758775261145989,0.0089878614188314068,-0.00021830076260925027,-0.0021088746034893988
0000926282,-0.0036958764639333846,-0.034689275618202363,0.0074896683093588941,0.072353257484667477
0000926326,-0.0041808868482620751,-0.039241554100411788,-0.0019147062139776353,-0.018496844717983928
0000927003,0.014610587373136098,0.13713409992907183,-0.0097984436571205581,-0.094656971122041023
0000929008,0.0036373123111049567,0.034139595979654658,-0.003640629500608665,-0.035169969187375506
0000931015,-0.0074077992292715406,-0.069529160862433853,0.0079832966491569634,0.077121909031827363
0000936395,-0.001166356826412426,-0.010947355469109023,0.0030698350790798064,0.029655861746851954
0000936468,0.0011765054298781795,0.011042609654739648,0.001321732853007293,0.012768479656179429
0000943452,0.0034847180711852586,0.032707355563076732,-0.0050685789009080884,-0.048964544109450323
0000943819,-0.0018979152916349924,-0.017813719504428175,0.003781130140266572,0.036527262800128191
0000944075,-0.0016338229219969068,-0.015334964305643789,-0.008361771797656313,-0.080778133678879219
0000945841,0.0020999123902944862,0.019709652200733441,0.00053155206927851687,0.005135010276350732
0001000228,-0.0016399778604344677,-0.015392734189988459,-0.0017148633522638403,-0.016566280982339844
0001000230,-0.00064140472163696615,-0.0060201863857758317,-0.00088624545455365808,-0.0085614933691804326
0001000697,-0.00046164076499048234,-0.0043329326317118116,0.0010497205247490152,0.010140729372380849
0001001115,-0.008445360594633345,-0.079267649831171946,0.0090657325956395602,0.08757868275151949
0001001250,-0.0025517872588487756,-0.023950922712122819,0.0058195146796840569,0.056218890698916016
0001002047,0.0038794082832911496,0.036411894306500166,0.00099696205105632703,0.0096310609499735203
0001003078,0.0033437119408520045,0.031383880450550738,-0.000315250692521681,-0.0030454505575018419
0001005229,-0.0041017328768591967,-0.038498619655209169,0.013928147686785842,0.13455160018331352
0001005284,-0.0098207417126401197,-0.092176894809514992,0.0032272150875266351,0.03117621696203067
0001006045,0.0071780005972553263,0.067372284635512439,-0.0014364935572591482,-0.013877114970974432
0001009829,0.00097376305136909072,0.0091396818063053577,-0.0047300742652626251,-0.045694450955658016
0001017303,-0.0022572687763238418,-0.021186589836102131,-0.001658888860282595,-0.01602554450862554
0001018963,-0.00252851638131677,-0.023732503646317234,0.0085343392308071513,0.082445205624993148
0001020214,-0.0045059458591381876,-0.042292538550379309,0.0057729771780030371,0.055769319409141739
0001020710,-0.0086951209921486364,-0.081611885996116407,-0.0065705242822261247,-0.063473950456139794
0001021860,-0.0067383715176002473,-0.063245952366900504,-0.00099464590061587761,-0.0096086859899260028
0001022652,-0.0021052963166375486,-0.019760185411636228,0.0036937593919664029,0.03568322565625482
0001022671,0.00027655768526594482,0.0025957539063176166,-0.0020321221280028344,-0.019631130444582413
0001024478,-0.0035562622928638926,-0.033378865352140026,0.0015888674524830281,0.015349109086027417
0001035267,0.0041435161877369552,0.038890795314061422,-0.007338985555955347,-0.070897600490901519
0001036044,-0.0031751986564222626,-0.029802224833552497,0.00088631822214166919,0.0085621963338264537
0001037038,0.0043616978273771437,0.040938635144793983,-0.003517368620178314,-0.033979218696005967
0001037868,-0.00077739858989208917,-0.0072966167059783562,0.0019508837594635078,0.018846334595984501
0001038074,0.0080334757912382884,0.075401723681488342,-0.012617397621241091,-0.12188921874355094
0001039065,-0.0070416112683388144,-0.066092142545175564,0.0078248603175079274,0.075591349302712982
0001039399,-0.0054694515418820602,-0.051335945307767313,0.005456971348229164,0.05271657391709976
0001040470,-0.0053363882780149436,-0.050087021465212385,-0.0046344940696509849,-0.044771107194909301
0001043337,-0.0043951259450713724,-0.041252389459747109,0.0033793382326237731,0.032645788728358036
0001045810,-0.0032013391250307979,-0.030047577709710421,0.0078040533194305324,0.075390345195829434
0001047127,0.0042016213715384849,0.039436167096751476,0.028773081907363367,0.27795973304578697
0001049502,0.0029333303486638266,0.027532063351420281,-0.00014201440346216167,-0.001371917189896061
0001049521,-0.0051133805494519386,-0.047993884252266084,0.0049363228243252061,0.047686896346203475
0001050797,0.0024659209517878793,0.023144986685575391,0.00538558522197638,0.052026954756375837
0001051627,0.0031235296073094734,0.029317262226415883,0.0028255771453123846,0.027296230259238066
0001054905,-4.5272065182642896e-05,-0.00042492089826361379,-5.4571532594700076e-05,-0.00052718331254047741
0001058057,-0.002462204042799742,-0.023110099999941954,0.0050719220993676499,0.048996840773197735
0001060822,0.0013797511126181596,0.012950261486606711,0.00089998400614241909,0.0086942133935539959
0001065696,0.0033476096622981964,0.0314204642311098,-0.004384822947514003,-0.042359182094849804
0001069202,0.0020970939973094516,0.019683198932608181,-0.0014143662220431907,-0.013663355867606775
0001069258,-0.0044423948556446061,-0.041696052629511711,0.00075679507024165006,0.0073109497401772404
0001069878,-0.0035425166521081391,-0.033249849589470935,-0.0022756956358200545,-0.021984150097738658
0001077688,0.022638260149696072,0.21248135686158817,0.0012606030534547191,0.012177940803946588
0001078271,0.0023596845063020922,0.022147857757128332,0.0051901115967521554,0.050138599631271458
0001090872,-0.0032133011836773147,-0.030159852877292323,0.0063852856509327288,0.061684469556253896
0001092796,-0.00022917455399322023,-0.0021510186678936321,-0.0012863748172453554,-0.01242690657711012
0001093557,0.0014760475763493032,0.013854094340336012,-0.00072587282050033284,-0.0070122281673216024
0001093691,0.0022539643385476671,0.021155574580614147,-0.015837656164318169,-0.15299823264251225
0001094285,0.00071604035926377523,0.0067207120201800774,-0.00033075889914519326,-0.0031952661729082411
0001097149,-0.00021224987506211017,-0.0019921646428957222,0.0011855616965148845,0.011453010620605605
0001097864,0.0028633503397728546,0.026875235170101791,-0.0014078963106324827,-0.01360085387861789
0001099800,-0.0028996098645313168,-0.027215564902549796,-0.00027291286255963314,-0.0026364498132688398
0001101302,0.0034697939696092584,0.032567278837575757,-0.002324523802004624,-0.022455850142991892
0001104657,-0.0022521850049680605,-0.021138873861972159,-0.0020911587814136509,-0.020201448649452492
0001109354,-0.00093515997455491937,-0.0087773556343173856,0.0013880524038435626,0.01340915362727213
0001110803,0.0023752231551733131,0.022293702586815792,0.0031519161287280125,0.030448798239431661
0001111335,-0.0039333344963613445,-0.036918042519648774,-0.0055504870424232999,-0.053619973750231344
0001111928,-0.00094274375563976312,-0.0088485365503592241,0.00033728521198294578,0.0032583130227380728
0001113232,0.0054496370879209095,0.051149968027035635,0.0041479065217532749,0.040070472575632073
0001114483,-0.0019064345759026494,-0.017893680997436535,0.0027036786160733977,0.026118640637277139
0001114925,-0.0065923543372859491,-0.061875443838721858,0.0020039432289840563,0.019358910761129621
0001116463,0.0047891582201159437,0.044950752845232506,-0.0055613542591192123,-0.053724955505799685
0001116942,-0.00060673427967281859,-0.0056947716894687958,-0.0023038592091981069,-0.022256221729237247
0001120370,0.02238105478248513,0.21006724265600521,-0.0080206589544103684,-0.077482844173486762
0001121484,0.0008190786105978893,0.0076878228894494121,-0.0021175095960987568,-0.020456008290960226
0001121788,-0.0007861589451524484,-0.0073788408769173792,0.0047767576994467847,0.046145432013066701
0001122904,-0.0020898918581812292,-0.019615600085163575,-0.0059630479757317714,-0.057605481012079324
0001123494,-0.0074476063829728772,-0.069902788428126944,0.0036952893645656741,0.03569800581698386
0001126741,0.0045308381940591877,0.042526176518336761,-0.0019757956472760616,-0.019086993615700841
0001133421,0.0040757121434490595,0.038254390606467813,-0.0010516388644428627,-0.010159261317999666
0001136869,-0.01178513450812509,-0.11061456819226294,0.012668698444214413,0.12238480566415275
0001138723,0.0026177090099717025,0.024569660328559277,-0.0028384310304870914,-0.027420404044419151
0001144215,-0.0053178350034297234,-0.049912881538732821,0.014070285476844389,0.13592470933816847
0001145197,0.008298616728298314,0.077890320671430771,-0.001099602651722844,-0.010622611109694962
0001196298,-1.3583342973117756e-33,-1.2749244538048693e-32,2.445358647507194e-34,2.3623164145247865e-33
0001274494,-0.00052932712741007881,-0.0049682327843224424,-0.00021718037742322378,-0.0020980512246028754
0001275014,0.00076970522304734522,0.0072244072245431362,0.0038927956019397265,0.03760599680634396
0001275187,0.0018576044395379008,0.01743536425569446,-0.0022214790363958652,-0.021460395584714409
0001280452,-0.0051478847872855477,-0.048317738966536551,-0.0022022132859516375,-0.021274280559996327
0001288469,-0.007125178785017932,-0.06687650226257949,0.0059493358268416828,0.057473016048567797
0001299130,-0.0012989839425404392,-0.012192185655049705,-0.0080059081088958428,-0.0773403449759862
0001323885,-0.0012921033474257179,-0.012127604800499766,0.00051342982317992595,0.0049599419710516296
0001324948,0.00043198881982591707,0.0040546212464511906,-0.0022913506589186602,-0.022135384020309897
0001350653,6.4447501808048973e-05,0.00060490040047082633,-0.0041546637626218045,-0.040135750284637652
0001375365,-0.005551029124922161,-0.05210162762695747,-0.0079245522039373181,-0.076554413677532462
0001377789,0.0035582756676044744,0.033397762767132209,-0.0040151336031734762,-0.038787831907421057
0001387467,-0.0049878568590797602,-0.046815726395956075,0.02082721652033738,0.20119942530724447
0001409375,-0.0037838737178676309,-0.035515212584753805,0.0011695389618666995,0.011298224454152812
0001421517,-0.0086160414309177126,-0.080869649960340878,0.0031854751409627537,0.030772992015825906
0001463972,0.0099973380085822648,0.093834417089513233,-0.010689759082194796,-0.1032674424789458
0001474735,-0.00047240002920922482,-0.0044339184426757973,0.021100492137447753,0.20383937947775976
0001487952,0.00012867383483068656,0.001207724923939229,-5.43222564517847e-05,-0.00052477520310115764
0001730168,-0.0027649436479901496,-0.025951595841991585,0.0010717838935841459,0.010353870534361632
