term,paper_table_3_frequency,paper_hw_class,source,source_file,source_location,confidence,baseline_inclusion,notes
issues,35497,Y,"Theile et al. (2026), Table 3",theile-et-al-2026-supply-chain-risk-and-resolution-an-empirical-study-of-stock-market-reactions.pdf,"journal p. 2987, Table 3, row 1, panel 1",direct,yes,Direct Table 3 H/W anchor absent from Hassan Online Appendix Table III; therefore attributable to the Wu side of the paper's combined H/W label.
bottleneck,657,N,"Theile et al. (2026), Table 3",theile-et-al-2026-supply-chain-risk-and-resolution-an-empirical-study-of-stock-market-reactions.pdf,"journal p. 2987, Table 3, row 1, panel 2",direct,yes,Direct Table 3 supply-chain-specific addition.
apprehension,46,Y,"Theile et al. (2026), Table 3",theile-et-al-2026-supply-chain-risk-and-resolution-an-empirical-study-of-stock-market-reactions.pdf,"journal p. 2987, Table 3, row 1, panel 3",direct,yes,Direct Table 3 anchor; also present in Hassan Online Appendix Table III.
issue,26875,Y,"Theile et al. (2026), Table 3",theile-et-al-2026-supply-chain-risk-and-resolution-an-empirical-study-of-stock-market-reactions.pdf,"journal p. 2987, Table 3, row 2, panel 1",direct,yes,Direct Table 3 H/W anchor absent from Hassan Online Appendix Table III; therefore attributable to the Wu side of the paper's combined H/W label.
fear,639,Y,"Theile et al. (2026), Table 3",theile-et-al-2026-supply-chain-risk-and-resolution-an-empirical-study-of-stock-market-reactions.pdf,"journal p. 2987, Table 3, row 2, panel 2",direct,yes,Direct Table 3 anchor; also present in Hassan Online Appendix Table III.
hazy,36,Y,"Theile et al. (2026), Table 3",theile-et-al-2026-supply-chain-risk-and-resolution-an-empirical-study-of-stock-market-reactions.pdf,"journal p. 2987, Table 3, row 2, panel 3",direct,yes,Direct Table 3 anchor; also present in Hassan Online Appendix Table III.
risk,26160,Y,"Theile et al. (2026), Table 3",theile-et-al-2026-supply-chain-risk-and-resolution-an-empirical-study-of-stock-market-reactions.pdf,"journal p. 2987, Table 3, row 3, panel 1",direct,yes,Direct Table 3 anchor; also present in Hassan Online Appendix Table III.
reservation,635,Y,"Theile et al. (2026), Table 3",theile-et-al-2026-supply-chain-risk-and-resolution-an-empirical-study-of-stock-market-reactions.pdf,"journal p. 2987, Table 3, row 3, panel 2",direct,yes,Direct Table 3 anchor; also present in Hassan Online Appendix Table III.
riskiest,36,Y,"Theile et al. (2026), Table 3",theile-et-al-2026-supply-chain-risk-and-resolution-an-empirical-study-of-stock-market-reactions.pdf,"journal p. 2987, Table 3, row 3, panel 3",direct,yes,Direct Table 3 anchor; also present in Hassan Online Appendix Table III.
backlog,24867,N,"Theile et al. (2026), Table 3",theile-et-al-2026-supply-chain-risk-and-resolution-an-empirical-study-of-stock-market-reactions.pdf,"journal p. 2987, Table 3, row 4, panel 1",direct,yes,Direct Table 3 supply-chain-specific addition.
unpredictable,558,Y,"Theile et al. (2026), Table 3",theile-et-al-2026-supply-chain-risk-and-resolution-an-empirical-study-of-stock-market-reactions.pdf,"journal p. 2987, Table 3, row 4, panel 2",direct,yes,Direct Table 3 anchor; also present in Hassan Online Appendix Table III.
torn,35,Y,"Theile et al. (2026), Table 3",theile-et-al-2026-supply-chain-risk-and-resolution-an-empirical-study-of-stock-market-reactions.pdf,"journal p. 2987, Table 3, row 4, panel 3",direct,yes,Direct Table 3 anchor; also present in Hassan Online Appendix Table III.
difficult,19609,N,"Theile et al. (2026), Table 3",theile-et-al-2026-supply-chain-risk-and-resolution-an-empirical-study-of-stock-market-reactions.pdf,"journal p. 2987, Table 3, row 5, panel 1",direct,yes,Direct Table 3 supply-chain-specific addition.
unknown,555,Y,"Theile et al. (2026), Table 3",theile-et-al-2026-supply-chain-risk-and-resolution-an-empirical-study-of-stock-market-reactions.pdf,"journal p. 2987, Table 3, row 5, panel 2",direct,yes,Direct Table 3 anchor; also present in Hassan Online Appendix Table III.
peril,31,Y,"Theile et al. (2026), Table 3",theile-et-al-2026-supply-chain-risk-and-resolution-an-empirical-study-of-stock-market-reactions.pdf,"journal p. 2987, Table 3, row 5, panel 3",direct,yes,Direct Table 3 anchor; also present in Hassan Online Appendix Table III.
delays,10068,N,"Theile et al. (2026), Table 3",theile-et-al-2026-supply-chain-risk-and-resolution-an-empirical-study-of-stock-market-reactions.pdf,"journal p. 2987, Table 3, row 6, panel 1",direct,yes,Direct Table 3 supply-chain-specific addition.
unclear,503,Y,"Theile et al. (2026), Table 3",theile-et-al-2026-supply-chain-risk-and-resolution-an-empirical-study-of-stock-market-reactions.pdf,"journal p. 2987, Table 3, row 6, panel 2",direct,yes,Direct Table 3 anchor; also present in Hassan Online Appendix Table III.
indecision,30,Y,"Theile et al. (2026), Table 3",theile-et-al-2026-supply-chain-risk-and-resolution-an-empirical-study-of-stock-market-reactions.pdf,"journal p. 2987, Table 3, row 6, panel 3",direct,yes,Direct Table 3 anchor; also present in Hassan Online Appendix Table III.
problem,8843,Y,"Theile et al. (2026), Table 3",theile-et-al-2026-supply-chain-risk-and-resolution-an-empirical-study-of-stock-market-reactions.pdf,"journal p. 2987, Table 3, row 7, panel 1",direct,yes,Direct Table 3 H/W anchor absent from Hassan Online Appendix Table III; therefore attributable to the Wu side of the paper's combined H/W label.
problematic,472,N,"Theile et al. (2026), Table 3",theile-et-al-2026-supply-chain-risk-and-resolution-an-empirical-study-of-stock-market-reactions.pdf,"journal p. 2987, Table 3, row 7, panel 2",direct,yes,Direct Table 3 supply-chain-specific addition.
wager,30,Y,"Theile et al. (2026), Table 3",theile-et-al-2026-supply-chain-risk-and-resolution-an-empirical-study-of-stock-market-reactions.pdf,"journal p. 2987, Table 3, row 7, panel 3",direct,yes,Direct Table 3 anchor; also present in Hassan Online Appendix Table III.
constraints,8755,N,"Theile et al. (2026), Table 3",theile-et-al-2026-supply-chain-risk-and-resolution-an-empirical-study-of-stock-market-reactions.pdf,"journal p. 2987, Table 3, row 8, panel 1",direct,yes,Direct Table 3 supply-chain-specific addition.
shortfalls,458,N,"Theile et al. (2026), Table 3",theile-et-al-2026-supply-chain-risk-and-resolution-an-empirical-study-of-stock-market-reactions.pdf,"journal p. 2987, Table 3, row 8, panel 2",direct,yes,Direct Table 3 supply-chain-specific addition.
precarious,27,Y,"Theile et al. (2026), Table 3",theile-et-al-2026-supply-chain-risk-and-resolution-an-empirical-study-of-stock-market-reactions.pdf,"journal p. 2987, Table 3, row 8, panel 3",direct,yes,Direct Table 3 anchor; also present in Hassan Online Appendix Table III.
problems,8108,Y,"Theile et al. (2026), Table 3",theile-et-al-2026-supply-chain-risk-and-resolution-an-empirical-study-of-stock-market-reactions.pdf,"journal p. 2987, Table 3, row 9, panel 1",direct,yes,Direct Table 3 H/W anchor absent from Hassan Online Appendix Table III; therefore attributable to the Wu side of the paper's combined H/W label.
constrain,403,N,"Theile et al. (2026), Table 3",theile-et-al-2026-supply-chain-risk-and-resolution-an-empirical-study-of-stock-market-reactions.pdf,"journal p. 2987, Table 3, row 9, panel 2",direct,yes,Direct Table 3 supply-chain-specific addition.
undecided,26,Y,"Theile et al. (2026), Table 3",theile-et-al-2026-supply-chain-risk-and-resolution-an-empirical-study-of-stock-market-reactions.pdf,"journal p. 2987, Table 3, row 9, panel 3",direct,yes,Direct Table 3 anchor; also present in Hassan Online Appendix Table III.
variable,7265,Y,"Theile et al. (2026), Table 3",theile-et-al-2026-supply-chain-risk-and-resolution-an-empirical-study-of-stock-market-reactions.pdf,"journal p. 2987, Table 3, row 10, panel 1",direct,yes,Direct Table 3 anchor; also present in Hassan Online Appendix Table III.
tricky,371,Y,"Theile et al. (2026), Table 3",theile-et-al-2026-supply-chain-risk-and-resolution-an-empirical-study-of-stock-market-reactions.pdf,"journal p. 2987, Table 3, row 10, panel 2",direct,yes,Direct Table 3 anchor; also present in Hassan Online Appendix Table III.
unsafe,26,Y,"Theile et al. (2026), Table 3",theile-et-al-2026-supply-chain-risk-and-resolution-an-empirical-study-of-stock-market-reactions.pdf,"journal p. 2987, Table 3, row 10, panel 3",direct,yes,Direct Table 3 anchor; also present in Hassan Online Appendix Table III.
delayed,7246,N,"Theile et al. (2026), Table 3",theile-et-al-2026-supply-chain-risk-and-resolution-an-empirical-study-of-stock-market-reactions.pdf,"journal p. 2987, Table 3, row 11, panel 1",direct,yes,Direct Table 3 supply-chain-specific addition.
disrupting,353,N,"Theile et al. (2026), Table 3",theile-et-al-2026-supply-chain-risk-and-resolution-an-empirical-study-of-stock-market-reactions.pdf,"journal p. 2987, Table 3, row 11, panel 2",direct,yes,Direct Table 3 supply-chain-specific addition.
wavering,23,Y,"Theile et al. (2026), Table 3",theile-et-al-2026-supply-chain-risk-and-resolution-an-empirical-study-of-stock-market-reactions.pdf,"journal p. 2987, Table 3, row 11, panel 3",direct,yes,Direct Table 3 anchor; also present in Hassan Online Appendix Table III.
volatility,7122,N,"Theile et al. (2026), Table 3",theile-et-al-2026-supply-chain-risk-and-resolution-an-empirical-study-of-stock-market-reactions.pdf,"journal p. 2987, Table 3, row 12, panel 1",direct,yes,Direct Table 3 supply-chain-specific addition.
hesitancy,345,Y,"Theile et al. (2026), Table 3",theile-et-al-2026-supply-chain-risk-and-resolution-an-empirical-study-of-stock-market-reactions.pdf,"journal p. 2987, Table 3, row 12, panel 2",direct,yes,Direct Table 3 anchor; also present in Hassan Online Appendix Table III.
debatable,22,Y,"Theile et al. (2026), Table 3",theile-et-al-2026-supply-chain-risk-and-resolution-an-empirical-study-of-stock-market-reactions.pdf,"journal p. 2987, Table 3, row 12, panel 3",direct,yes,Direct Table 3 anchor; also present in Hassan Online Appendix Table III.
uncertainty,7085,Y,"Theile et al. (2026), Table 3",theile-et-al-2026-supply-chain-risk-and-resolution-an-empirical-study-of-stock-market-reactions.pdf,"journal p. 2987, Table 3, row 13, panel 1",direct,yes,Direct Table 3 anchor; also present in Hassan Online Appendix Table III.
unforeseen,343,N,"Theile et al. (2026), Table 3",theile-et-al-2026-supply-chain-risk-and-resolution-an-empirical-study-of-stock-market-reactions.pdf,"journal p. 2987, Table 3, row 13, panel 2",direct,yes,Direct Table 3 supply-chain-specific addition.
insecurity,22,Y,"Theile et al. (2026), Table 3",theile-et-al-2026-supply-chain-risk-and-resolution-an-empirical-study-of-stock-market-reactions.pdf,"journal p. 2987, Table 3, row 13, panel 3",direct,yes,Direct Table 3 anchor; also present in Hassan Online Appendix Table III.
delay,6791,N,"Theile et al. (2026), Table 3",theile-et-al-2026-supply-chain-risk-and-resolution-an-empirical-study-of-stock-market-reactions.pdf,"journal p. 2987, Table 3, row 14, panel 1",direct,yes,Direct Table 3 supply-chain-specific addition.
hazardous,329,Y,"Theile et al. (2026), Table 3",theile-et-al-2026-supply-chain-risk-and-resolution-an-empirical-study-of-stock-market-reactions.pdf,"journal p. 2987, Table 3, row 14, panel 2",direct,yes,Direct Table 3 anchor; also present in Hassan Online Appendix Table III.
tentativeness,21,Y,"Theile et al. (2026), Table 3",theile-et-al-2026-supply-chain-risk-and-resolution-an-empirical-study-of-stock-market-reactions.pdf,"journal p. 2987, Table 3, row 14, panel 3",direct,yes,Direct Table 3 anchor; also present in Hassan Online Appendix Table III.
disruption,6145,N,"Theile et al. (2026), Table 3",theile-et-al-2026-supply-chain-risk-and-resolution-an-empirical-study-of-stock-market-reactions.pdf,"journal p. 2987, Table 3, row 15, panel 1",direct,yes,Direct Table 3 supply-chain-specific addition.
risky,319,Y,"Theile et al. (2026), Table 3",theile-et-al-2026-supply-chain-risk-and-resolution-an-empirical-study-of-stock-market-reactions.pdf,"journal p. 2987, Table 3, row 15, panel 2",direct,yes,Direct Table 3 anchor; also present in Hassan Online Appendix Table III.
halting,20,Y,"Theile et al. (2026), Table 3",theile-et-al-2026-supply-chain-risk-and-resolution-an-empirical-study-of-stock-market-reactions.pdf,"journal p. 2987, Table 3, row 15, panel 3",direct,yes,Direct Table 3 anchor; also present in Hassan Online Appendix Table III.
risks,5686,Y,"Theile et al. (2026), Table 3",theile-et-al-2026-supply-chain-risk-and-resolution-an-empirical-study-of-stock-market-reactions.pdf,"journal p. 2987, Table 3, row 16, panel 1",direct,yes,Direct Table 3 anchor; also present in Hassan Online Appendix Table III.
gamble,292,Y,"Theile et al. (2026), Table 3",theile-et-al-2026-supply-chain-risk-and-resolution-an-empirical-study-of-stock-market-reactions.pdf,"journal p. 2987, Table 3, row 16, panel 2",direct,yes,Direct Table 3 anchor; also present in Hassan Online Appendix Table III.
dicey,17,Y,"Theile et al. (2026), Table 3",theile-et-al-2026-supply-chain-risk-and-resolution-an-empirical-study-of-stock-market-reactions.pdf,"journal p. 2987, Table 3, row 16, panel 3",direct,yes,Direct Table 3 anchor; also present in Hassan Online Appendix Table III.
constrained,4443,N,"Theile et al. (2026), Table 3",theile-et-al-2026-supply-chain-risk-and-resolution-an-empirical-study-of-stock-market-reactions.pdf,"journal p. 2987, Table 3, row 17, panel 1",direct,yes,Direct Table 3 supply-chain-specific addition.
unexpectedly,241,N,"Theile et al. (2026), Table 3",theile-et-al-2026-supply-chain-risk-and-resolution-an-empirical-study-of-stock-market-reactions.pdf,"journal p. 2987, Table 3, row 17, panel 2",direct,yes,Direct Table 3 supply-chain-specific addition.
undetermined,17,Y,"Theile et al. (2026), Table 3",theile-et-al-2026-supply-chain-risk-and-resolution-an-empirical-study-of-stock-market-reactions.pdf,"journal p. 2987, Table 3, row 17, panel 3",direct,yes,Direct Table 3 anchor; also present in Hassan Online Appendix Table III.
disruptions,4439,N,"Theile et al. (2026), Table 3",theile-et-al-2026-supply-chain-risk-and-resolution-an-empirical-study-of-stock-market-reactions.pdf,"journal p. 2987, Table 3, row 18, panel 1",direct,yes,Direct Table 3 supply-chain-specific addition.
tentative,233,Y,"Theile et al. (2026), Table 3",theile-et-al-2026-supply-chain-risk-and-resolution-an-empirical-study-of-stock-market-reactions.pdf,"journal p. 2987, Table 3, row 18, panel 2",direct,yes,Direct Table 3 anchor; also present in Hassan Online Appendix Table III.
insecure,16,Y,"Theile et al. (2026), Table 3",theile-et-al-2026-supply-chain-risk-and-resolution-an-empirical-study-of-stock-market-reactions.pdf,"journal p. 2987, Table 3, row 18, panel 3",direct,yes,Direct Table 3 anchor; also present in Hassan Online Appendix Table III.
chance,4127,Y,"Theile et al. (2026), Table 3",theile-et-al-2026-supply-chain-risk-and-resolution-an-empirical-study-of-stock-market-reactions.pdf,"journal p. 2987, Table 3, row 19, panel 1",direct,yes,Direct Table 3 anchor; also present in Hassan Online Appendix Table III.
queries,227,Y,"Theile et al. (2026), Table 3",theile-et-al-2026-supply-chain-risk-and-resolution-an-empirical-study-of-stock-market-reactions.pdf,"journal p. 2987, Table 3, row 19, panel 2",direct,yes,Direct Table 3 anchor; also present in Hassan Online Appendix Table III.
iffy,13,Y,"Theile et al. (2026), Table 3",theile-et-al-2026-supply-chain-risk-and-resolution-an-empirical-study-of-stock-market-reactions.pdf,"journal p. 2987, Table 3, row 19, panel 3",direct,yes,Direct Table 3 anchor; also present in Hassan Online Appendix Table III.
shortages,3564,N,"Theile et al. (2026), Table 3",theile-et-al-2026-supply-chain-risk-and-resolution-an-empirical-study-of-stock-market-reactions.pdf,"journal p. 2987, Table 3, row 20, panel 1",direct,yes,Direct Table 3 supply-chain-specific addition.
constraining,224,N,"Theile et al. (2026), Table 3",theile-et-al-2026-supply-chain-risk-and-resolution-an-empirical-study-of-stock-market-reactions.pdf,"journal p. 2987, Table 3, row 20, panel 2",direct,yes,Direct Table 3 supply-chain-specific addition.
treacherous,13,Y,"Theile et al. (2026), Table 3",theile-et-al-2026-supply-chain-risk-and-resolution-an-empirical-study-of-stock-market-reactions.pdf,"journal p. 2987, Table 3, row 20, panel 3",direct,yes,Direct Table 3 anchor; also present in Hassan Online Appendix Table III.
pending,3462,Y,"Theile et al. (2026), Table 3",theile-et-al-2026-supply-chain-risk-and-resolution-an-empirical-study-of-stock-market-reactions.pdf,"journal p. 2987, Table 3, row 21, panel 1",direct,yes,Direct Table 3 anchor; also present in Hassan Online Appendix Table III.
doubtful,214,Y,"Theile et al. (2026), Table 3",theile-et-al-2026-supply-chain-risk-and-resolution-an-empirical-study-of-stock-market-reactions.pdf,"journal p. 2987, Table 3, row 21, panel 2",direct,yes,Direct Table 3 anchor; also present in Hassan Online Appendix Table III.
ambivalent,11,Y,"Theile et al. (2026), Table 3",theile-et-al-2026-supply-chain-risk-and-resolution-an-empirical-study-of-stock-market-reactions.pdf,"journal p. 2987, Table 3, row 21, panel 3",direct,yes,Direct Table 3 anchor; also present in Hassan Online Appendix Table III.
possibility,3220,Y,"Theile et al. (2026), Table 3",theile-et-al-2026-supply-chain-risk-and-resolution-an-empirical-study-of-stock-market-reactions.pdf,"journal p. 2987, Table 3, row 22, panel 1",direct,yes,Direct Table 3 anchor; also present in Hassan Online Appendix Table III.
erratic,197,Y,"Theile et al. (2026), Table 3",theile-et-al-2026-supply-chain-risk-and-resolution-an-empirical-study-of-stock-market-reactions.pdf,"journal p. 2987, Table 3, row 22, panel 2",direct,yes,Direct Table 3 anchor; also present in Hassan Online Appendix Table III.
dubious,11,Y,"Theile et al. (2026), Table 3",theile-et-al-2026-supply-chain-risk-and-resolution-an-empirical-study-of-stock-market-reactions.pdf,"journal p. 2987, Table 3, row 22, panel 3",direct,yes,Direct Table 3 anchor; also present in Hassan Online Appendix Table III.
shortage,2889,N,"Theile et al. (2026), Table 3",theile-et-al-2026-supply-chain-risk-and-resolution-an-empirical-study-of-stock-market-reactions.pdf,"journal p. 2987, Table 3, row 23, panel 1",direct,yes,Direct Table 3 supply-chain-specific addition.
fluctuating,189,Y,"Theile et al. (2026), Table 3",theile-et-al-2026-supply-chain-risk-and-resolution-an-empirical-study-of-stock-market-reactions.pdf,"journal p. 2987, Table 3, row 23, panel 2",direct,yes,Direct Table 3 anchor; also present in Hassan Online Appendix Table III.
faltering,11,Y,"Theile et al. (2026), Table 3",theile-et-al-2026-supply-chain-risk-and-resolution-an-empirical-study-of-stock-market-reactions.pdf,"journal p. 2987, Table 3, row 23, panel 3",direct,yes,Direct Table 3 anchor; also present in Hassan Online Appendix Table III.
difficulty,2852,N,"Theile et al. (2026), Table 3",theile-et-al-2026-supply-chain-risk-and-resolution-an-empirical-study-of-stock-market-reactions.pdf,"journal p. 2987, Table 3, row 24, panel 1",direct,yes,Direct Table 3 supply-chain-specific addition.
instability,182,Y,"Theile et al. (2026), Table 3",theile-et-al-2026-supply-chain-risk-and-resolution-an-empirical-study-of-stock-market-reactions.pdf,"journal p. 2987, Table 3, row 24, panel 2",direct,yes,Direct Table 3 anchor; also present in Hassan Online Appendix Table III.
quandary,11,Y,"Theile et al. (2026), Table 3",theile-et-al-2026-supply-chain-risk-and-resolution-an-empirical-study-of-stock-market-reactions.pdf,"journal p. 2987, Table 3, row 24, panel 3",direct,yes,Direct Table 3 anchor; also present in Hassan Online Appendix Table III.
prospect,2546,Y,"Theile et al. (2026), Table 3",theile-et-al-2026-supply-chain-risk-and-resolution-an-empirical-study-of-stock-market-reactions.pdf,"journal p. 2987, Table 3, row 25, panel 1",direct,yes,Direct Table 3 anchor; also present in Hassan Online Appendix Table III.
dangerous,181,Y,"Theile et al. (2026), Table 3",theile-et-al-2026-supply-chain-risk-and-resolution-an-empirical-study-of-stock-market-reactions.pdf,"journal p. 2987, Table 3, row 25, panel 2",direct,yes,Direct Table 3 anchor; also present in Hassan Online Appendix Table III.
unreliability,11,Y,"Theile et al. (2026), Table 3",theile-et-al-2026-supply-chain-risk-and-resolution-an-empirical-study-of-stock-market-reactions.pdf,"journal p. 2987, Table 3, row 25, panel 3",direct,yes,Direct Table 3 anchor; also present in Hassan Online Appendix Table III.
uncertain,2487,Y,"Theile et al. (2026), Table 3",theile-et-al-2026-supply-chain-risk-and-resolution-an-empirical-study-of-stock-market-reactions.pdf,"journal p. 2987, Table 3, row 26, panel 1",direct,yes,Direct Table 3 anchor; also present in Hassan Online Appendix Table III.
query,162,Y,"Theile et al. (2026), Table 3",theile-et-al-2026-supply-chain-risk-and-resolution-an-empirical-study-of-stock-market-reactions.pdf,"journal p. 2987, Table 3, row 26, panel 2",direct,yes,Direct Table 3 anchor; also present in Hassan Online Appendix Table III.
endanger,8,Y,"Theile et al. (2026), Table 3",theile-et-al-2026-supply-chain-risk-and-resolution-an-empirical-study-of-stock-market-reactions.pdf,"journal p. 2987, Table 3, row 26, panel 3",direct,yes,Direct Table 3 anchor; also present in Hassan Online Appendix Table III.
doubt,2468,Y,"Theile et al. (2026), Table 3",theile-et-al-2026-supply-chain-risk-and-resolution-an-empirical-study-of-stock-market-reactions.pdf,"journal p. 2987, Table 3, row 27, panel 1",direct,yes,Direct Table 3 anchor; also present in Hassan Online Appendix Table III.
riskier,149,Y,"Theile et al. (2026), Table 3",theile-et-al-2026-supply-chain-risk-and-resolution-an-empirical-study-of-stock-market-reactions.pdf,"journal p. 2987, Table 3, row 27, panel 2",direct,yes,Direct Table 3 anchor; also present in Hassan Online Appendix Table III.
oscillating,6,Y,"Theile et al. (2026), Table 3",theile-et-al-2026-supply-chain-risk-and-resolution-an-empirical-study-of-stock-market-reactions.pdf,"journal p. 2987, Table 3, row 27, panel 3",direct,yes,Direct Table 3 anchor; also present in Hassan Online Appendix Table III.
volatile,2426,N,"Theile et al. (2026), Table 3",theile-et-al-2026-supply-chain-risk-and-resolution-an-empirical-study-of-stock-market-reactions.pdf,"journal p. 2987, Table 3, row 28, panel 1",direct,yes,Direct Table 3 supply-chain-specific addition.
unpredictability,126,Y,"Theile et al. (2026), Table 3",theile-et-al-2026-supply-chain-risk-and-resolution-an-empirical-study-of-stock-market-reactions.pdf,"journal p. 2987, Table 3, row 28, panel 2",direct,yes,Direct Table 3 anchor; also present in Hassan Online Appendix Table III.
perilous,6,Y,"Theile et al. (2026), Table 3",theile-et-al-2026-supply-chain-risk-and-resolution-an-empirical-study-of-stock-market-reactions.pdf,"journal p. 2987, Table 3, row 28, panel 3",direct,yes,Direct Table 3 anchor; also present in Hassan Online Appendix Table III.
uncertainties,2098,Y,"Theile et al. (2026), Table 3",theile-et-al-2026-supply-chain-risk-and-resolution-an-empirical-study-of-stock-market-reactions.pdf,"journal p. 2987, Table 3, row 29, panel 1",direct,yes,Direct Table 3 anchor; also present in Hassan Online Appendix Table III.
irregular,123,Y,"Theile et al. (2026), Table 3",theile-et-al-2026-supply-chain-risk-and-resolution-an-empirical-study-of-stock-market-reactions.pdf,"journal p. 2987, Table 3, row 29, panel 2",direct,yes,Direct Table 3 anchor; also present in Hassan Online Appendix Table III.
qualm,6,Y,"Theile et al. (2026), Table 3",theile-et-al-2026-supply-chain-risk-and-resolution-an-empirical-study-of-stock-market-reactions.pdf,"journal p. 2987, Table 3, row 29, panel 3",direct,yes,Direct Table 3 anchor; also present in Hassan Online Appendix Table III.
variability,2080,Y,"Theile et al. (2026), Table 3",theile-et-al-2026-supply-chain-risk-and-resolution-an-empirical-study-of-stock-market-reactions.pdf,"journal p. 2987, Table 3, row 30, panel 1",direct,yes,Direct Table 3 anchor; also present in Hassan Online Appendix Table III.
troubles,110,N,"Theile et al. (2026), Table 3",theile-et-al-2026-supply-chain-risk-and-resolution-an-empirical-study-of-stock-market-reactions.pdf,"journal p. 2987, Table 3, row 30, panel 2",direct,yes,Direct Table 3 supply-chain-specific addition.
riskiness,6,Y,"Theile et al. (2026), Table 3",theile-et-al-2026-supply-chain-risk-and-resolution-an-empirical-study-of-stock-market-reactions.pdf,"journal p. 2987, Table 3, row 30, panel 3",direct,yes,Direct Table 3 anchor; also present in Hassan Online Appendix Table III.
difficulties,1956,N,"Theile et al. (2026), Table 3",theile-et-al-2026-supply-chain-risk-and-resolution-an-empirical-study-of-stock-market-reactions.pdf,"journal p. 2987, Table 3, row 31, panel 1",direct,yes,Direct Table 3 supply-chain-specific addition.
hazard,108,Y,"Theile et al. (2026), Table 3",theile-et-al-2026-supply-chain-risk-and-resolution-an-empirical-study-of-stock-market-reactions.pdf,"journal p. 2987, Table 3, row 31, panel 2",direct,yes,Direct Table 3 anchor; also present in Hassan Online Appendix Table III.
wariness,6,Y,"Theile et al. (2026), Table 3",theile-et-al-2026-supply-chain-risk-and-resolution-an-empirical-study-of-stock-market-reactions.pdf,"journal p. 2987, Table 3, row 31, panel 3",direct,yes,Direct Table 3 anchor; also present in Hassan Online Appendix Table III.
delaying,1917,N,"Theile et al. (2026), Table 3",theile-et-al-2026-supply-chain-risk-and-resolution-an-empirical-study-of-stock-market-reactions.pdf,"journal p. 2987, Table 3, row 32, panel 1",direct,yes,Direct Table 3 supply-chain-specific addition.
dilemma,107,Y,"Theile et al. (2026), Table 3",theile-et-al-2026-supply-chain-risk-and-resolution-an-empirical-study-of-stock-market-reactions.pdf,"journal p. 2987, Table 3, row 32, panel 2",direct,yes,Direct Table 3 anchor; also present in Hassan Online Appendix Table III.
ambivalence,5,Y,"Theile et al. (2026), Table 3",theile-et-al-2026-supply-chain-risk-and-resolution-an-empirical-study-of-stock-market-reactions.pdf,"journal p. 2987, Table 3, row 32, panel 3",direct,yes,Direct Table 3 anchor; also present in Hassan Online Appendix Table III.
trouble,1904,N,"Theile et al. (2026), Table 3",theile-et-al-2026-supply-chain-risk-and-resolution-an-empirical-study-of-stock-market-reactions.pdf,"journal p. 2987, Table 3, row 33, panel 1",direct,yes,Direct Table 3 supply-chain-specific addition.
jeopardize,100,Y,"Theile et al. (2026), Table 3",theile-et-al-2026-supply-chain-risk-and-resolution-an-empirical-study-of-stock-market-reactions.pdf,"journal p. 2987, Table 3, row 33, panel 2",direct,yes,Direct Table 3 anchor; also present in Hassan Online Appendix Table III.
menace,5,Y,"Theile et al. (2026), Table 3",theile-et-al-2026-supply-chain-risk-and-resolution-an-empirical-study-of-stock-market-reactions.pdf,"journal p. 2987, Table 3, row 33, panel 3",direct,yes,Direct Table 3 anchor; also present in Hassan Online Appendix Table III.
constraint,1880,N,"Theile et al. (2026), Table 3",theile-et-al-2026-supply-chain-risk-and-resolution-an-empirical-study-of-stock-market-reactions.pdf,"journal p. 2987, Table 3, row 34, panel 1",direct,yes,Direct Table 3 supply-chain-specific addition.
unsure,100,Y,"Theile et al. (2026), Table 3",theile-et-al-2026-supply-chain-risk-and-resolution-an-empirical-study-of-stock-market-reactions.pdf,"journal p. 2987, Table 3, row 34, panel 2",direct,yes,Direct Table 3 anchor; also present in Hassan Online Appendix Table III.
changeability,4,Y,"Theile et al. (2026), Table 3",theile-et-al-2026-supply-chain-risk-and-resolution-an-empirical-study-of-stock-market-reactions.pdf,"journal p. 2987, Table 3, row 34, panel 3",direct,yes,Direct Table 3 anchor; also present in Hassan Online Appendix Table III.
exposed,1631,Y,"Theile et al. (2026), Table 3",theile-et-al-2026-supply-chain-risk-and-resolution-an-empirical-study-of-stock-market-reactions.pdf,"journal p. 2987, Table 3, row 35, panel 1",direct,yes,Direct Table 3 anchor; also present in Hassan Online Appendix Table III.
danger,95,Y,"Theile et al. (2026), Table 3",theile-et-al-2026-supply-chain-risk-and-resolution-an-empirical-study-of-stock-market-reactions.pdf,"journal p. 2987, Table 3, row 35, panel 2",direct,yes,Direct Table 3 anchor; also present in Hassan Online Appendix Table III.
changeable,4,Y,"Theile et al. (2026), Table 3",theile-et-al-2026-supply-chain-risk-and-resolution-an-empirical-study-of-stock-market-reactions.pdf,"journal p. 2987, Table 3, row 35, panel 3",direct,yes,Direct Table 3 anchor; also present in Hassan Online Appendix Table III.
threat,1629,Y,"Theile et al. (2026), Table 3",theile-et-al-2026-supply-chain-risk-and-resolution-an-empirical-study-of-stock-market-reactions.pdf,"journal p. 2987, Table 3, row 36, panel 1",direct,yes,Direct Table 3 anchor; also present in Hassan Online Appendix Table III.
unsettled,94,Y,"Theile et al. (2026), Table 3",theile-et-al-2026-supply-chain-risk-and-resolution-an-empirical-study-of-stock-market-reactions.pdf,"journal p. 2987, Table 3, row 36, panel 2",direct,yes,Direct Table 3 anchor; also present in Hassan Online Appendix Table III.
hairy,4,Y,"Theile et al. (2026), Table 3",theile-et-al-2026-supply-chain-risk-and-resolution-an-empirical-study-of-stock-market-reactions.pdf,"journal p. 2987, Table 3, row 36, panel 3",direct,yes,Direct Table 3 anchor; also present in Hassan Online Appendix Table III.
backlogs,1629,N,"Theile et al. (2026), Table 3",theile-et-al-2026-supply-chain-risk-and-resolution-an-empirical-study-of-stock-market-reactions.pdf,"journal p. 2987, Table 3, row 37, panel 1",direct,yes,Direct Table 3 supply-chain-specific addition.
unstable,90,Y,"Theile et al. (2026), Table 3",theile-et-al-2026-supply-chain-risk-and-resolution-an-empirical-study-of-stock-market-reactions.pdf,"journal p. 2987, Table 3, row 37, panel 2",direct,yes,Direct Table 3 anchor; also present in Hassan Online Appendix Table III.
imperil,4,Y,"Theile et al. (2026), Table 3",theile-et-al-2026-supply-chain-risk-and-resolution-an-empirical-study-of-stock-market-reactions.pdf,"journal p. 2987, Table 3, row 37, panel 3",direct,yes,Direct Table 3 anchor; also present in Hassan Online Appendix Table III.
shortfall,1554,N,"Theile et al. (2026), Table 3",theile-et-al-2026-supply-chain-risk-and-resolution-an-empirical-study-of-stock-market-reactions.pdf,"journal p. 2987, Table 3, row 38, panel 1",direct,yes,Direct Table 3 supply-chain-specific addition.
suspicion,75,Y,"Theile et al. (2026), Table 3",theile-et-al-2026-supply-chain-risk-and-resolution-an-empirical-study-of-stock-market-reactions.pdf,"journal p. 2987, Table 3, row 38, panel 2",direct,yes,Direct Table 3 anchor; also present in Hassan Online Appendix Table III.
equivocation,3,Y,"Theile et al. (2026), Table 3",theile-et-al-2026-supply-chain-risk-and-resolution-an-empirical-study-of-stock-market-reactions.pdf,"journal p. 2987, Table 3, row 38, panel 3",direct,yes,Direct Table 3 anchor; also present in Hassan Online Appendix Table III.
unexpected,1488,N,"Theile et al. (2026), Table 3",theile-et-al-2026-supply-chain-risk-and-resolution-an-empirical-study-of-stock-market-reactions.pdf,"journal p. 2987, Table 3, row 39, panel 1",direct,yes,Direct Table 3 supply-chain-specific addition.
glitch,68,N,"Theile et al. (2026), Table 3",theile-et-al-2026-supply-chain-risk-and-resolution-an-empirical-study-of-stock-market-reactions.pdf,"journal p. 2987, Table 3, row 39, panel 2",direct,yes,Direct Table 3 supply-chain-specific addition.
unforeseeable,3,Y,"Theile et al. (2026), Table 3",theile-et-al-2026-supply-chain-risk-and-resolution-an-empirical-study-of-stock-market-reactions.pdf,"journal p. 2987, Table 3, row 39, panel 3",direct,yes,Direct Table 3 anchor; also present in Hassan Online Appendix Table III.
likelihood,1349,Y,"Theile et al. (2026), Table 3",theile-et-al-2026-supply-chain-risk-and-resolution-an-empirical-study-of-stock-market-reactions.pdf,"journal p. 2987, Table 3, row 40, panel 1",direct,yes,Direct Table 3 anchor; also present in Hassan Online Appendix Table III.
hesitating,67,Y,"Theile et al. (2026), Table 3",theile-et-al-2026-supply-chain-risk-and-resolution-an-empirical-study-of-stock-market-reactions.pdf,"journal p. 2987, Table 3, row 40, panel 2",direct,yes,Direct Table 3 anchor; also present in Hassan Online Appendix Table III.
vacillation,3,Y,"Theile et al. (2026), Table 3",theile-et-al-2026-supply-chain-risk-and-resolution-an-empirical-study-of-stock-market-reactions.pdf,"journal p. 2987, Table 3, row 40, panel 3",direct,yes,Direct Table 3 anchor; also present in Hassan Online Appendix Table III.
sticky,1269,Y,"Theile et al. (2026), Table 3",theile-et-al-2026-supply-chain-risk-and-resolution-an-empirical-study-of-stock-market-reactions.pdf,"journal p. 2987, Table 3, row 41, panel 1",direct,yes,Direct Table 3 anchor; also present in Hassan Online Appendix Table III.
unreliable,67,Y,"Theile et al. (2026), Table 3",theile-et-al-2026-supply-chain-risk-and-resolution-an-empirical-study-of-stock-market-reactions.pdf,"journal p. 2987, Table 3, row 41, panel 2",direct,yes,Direct Table 3 anchor; also present in Hassan Online Appendix Table III.
vagueness,3,Y,"Theile et al. (2026), Table 3",theile-et-al-2026-supply-chain-risk-and-resolution-an-empirical-study-of-stock-market-reactions.pdf,"journal p. 2987, Table 3, row 41, panel 3",direct,yes,Direct Table 3 anchor; also present in Hassan Online Appendix Table III.
probability,1154,Y,"Theile et al. (2026), Table 3",theile-et-al-2026-supply-chain-risk-and-resolution-an-empirical-study-of-stock-market-reactions.pdf,"journal p. 2987, Table 3, row 42, panel 1",direct,yes,Direct Table 3 anchor; also present in Hassan Online Appendix Table III.
vague,66,Y,"Theile et al. (2026), Table 3",theile-et-al-2026-supply-chain-risk-and-resolution-an-empirical-study-of-stock-market-reactions.pdf,"journal p. 2987, Table 3, row 42, panel 2",direct,yes,Direct Table 3 anchor; also present in Hassan Online Appendix Table III.
fickleness,2,Y,"Theile et al. (2026), Table 3",theile-et-al-2026-supply-chain-risk-and-resolution-an-empirical-study-of-stock-market-reactions.pdf,"journal p. 2987, Table 3, row 42, panel 3",direct,yes,Direct Table 3 anchor; also present in Hassan Online Appendix Table III.
bottlenecks,1091,N,"Theile et al. (2026), Table 3",theile-et-al-2026-supply-chain-risk-and-resolution-an-empirical-study-of-stock-market-reactions.pdf,"journal p. 2987, Table 3, row 43, panel 1",direct,yes,Direct Table 3 supply-chain-specific addition.
risked,64,Y,"Theile et al. (2026), Table 3",theile-et-al-2026-supply-chain-risk-and-resolution-an-empirical-study-of-stock-market-reactions.pdf,"journal p. 2987, Table 3, row 43, panel 2",direct,yes,Direct Table 3 anchor; also present in Hassan Online Appendix Table III.
gnarly,2,Y,"Theile et al. (2026), Table 3",theile-et-al-2026-supply-chain-risk-and-resolution-an-empirical-study-of-stock-market-reactions.pdf,"journal p. 2987, Table 3, row 43, panel 3",direct,yes,Direct Table 3 anchor; also present in Hassan Online Appendix Table III.
varying,1014,Y,"Theile et al. (2026), Table 3",theile-et-al-2026-supply-chain-risk-and-resolution-an-empirical-study-of-stock-market-reactions.pdf,"journal p. 2987, Table 3, row 44, panel 1",direct,yes,Direct Table 3 anchor; also present in Hassan Online Appendix Table III.
unresolved,64,Y,"Theile et al. (2026), Table 3",theile-et-al-2026-supply-chain-risk-and-resolution-an-empirical-study-of-stock-market-reactions.pdf,"journal p. 2987, Table 3, row 44, panel 2",direct,yes,Direct Table 3 anchor; also present in Hassan Online Appendix Table III.
vacillating,2,Y,"Theile et al. (2026), Table 3",theile-et-al-2026-supply-chain-risk-and-resolution-an-empirical-study-of-stock-market-reactions.pdf,"journal p. 2987, Table 3, row 44, panel 3",direct,yes,Direct Table 3 anchor; also present in Hassan Online Appendix Table III.
bet,978,Y,"Theile et al. (2026), Table 3",theile-et-al-2026-supply-chain-risk-and-resolution-an-empirical-study-of-stock-market-reactions.pdf,"journal p. 2987, Table 3, row 45, panel 1",direct,yes,Direct Table 3 anchor; also present in Hassan Online Appendix Table III.
risking,63,Y,"Theile et al. (2026), Table 3",theile-et-al-2026-supply-chain-risk-and-resolution-an-empirical-study-of-stock-market-reactions.pdf,"journal p. 2987, Table 3, row 45, panel 2",direct,yes,Direct Table 3 anchor; also present in Hassan Online Appendix Table III.
diffident,1,Y,"Theile et al. (2026), Table 3",theile-et-al-2026-supply-chain-risk-and-resolution-an-empirical-study-of-stock-market-reactions.pdf,"journal p. 2987, Table 3, row 45, panel 3",direct,yes,Direct Table 3 anchor; also present in Hassan Online Appendix Table III.
speculative,855,Y,"Theile et al. (2026), Table 3",theile-et-al-2026-supply-chain-risk-and-resolution-an-empirical-study-of-stock-market-reactions.pdf,"journal p. 2987, Table 3, row 46, panel 1",direct,yes,Direct Table 3 anchor; also present in Hassan Online Appendix Table III.
glitches,59,N,"Theile et al. (2026), Table 3",theile-et-al-2026-supply-chain-risk-and-resolution-an-empirical-study-of-stock-market-reactions.pdf,"journal p. 2987, Table 3, row 46, panel 2",direct,yes,Direct Table 3 supply-chain-specific addition.
disquiet,1,Y,"Theile et al. (2026), Table 3",theile-et-al-2026-supply-chain-risk-and-resolution-an-empirical-study-of-stock-market-reactions.pdf,"journal p. 2987, Table 3, row 46, panel 3",direct,yes,Direct Table 3 anchor; also present in Hassan Online Appendix Table III.
disrupted,801,N,"Theile et al. (2026), Table 3",theile-et-al-2026-supply-chain-risk-and-resolution-an-empirical-study-of-stock-market-reactions.pdf,"journal p. 2987, Table 3, row 47, panel 1",direct,yes,Direct Table 3 supply-chain-specific addition.
jeopardy,56,Y,"Theile et al. (2026), Table 3",theile-et-al-2026-supply-chain-risk-and-resolution-an-empirical-study-of-stock-market-reactions.pdf,"journal p. 2987, Table 3, row 47, panel 2",direct,yes,Direct Table 3 anchor; also present in Hassan Online Appendix Table III.
dodgy,1,Y,"Theile et al. (2026), Table 3",theile-et-al-2026-supply-chain-risk-and-resolution-an-empirical-study-of-stock-market-reactions.pdf,"journal p. 2987, Table 3, row 47, panel 3",direct,yes,Direct Table 3 anchor; also present in Hassan Online Appendix Table III.
hesitant,744,Y,"Theile et al. (2026), Table 3",theile-et-al-2026-supply-chain-risk-and-resolution-an-empirical-study-of-stock-market-reactions.pdf,"journal p. 2987, Table 3, row 48, panel 1",direct,yes,Direct Table 3 anchor; also present in Hassan Online Appendix Table III.
skepticism,56,Y,"Theile et al. (2026), Table 3",theile-et-al-2026-supply-chain-risk-and-resolution-an-empirical-study-of-stock-market-reactions.pdf,"journal p. 2987, Table 3, row 48, panel 2",direct,yes,Direct Table 3 anchor; also present in Hassan Online Appendix Table III.
equivocating,1,Y,"Theile et al. (2026), Table 3",theile-et-al-2026-supply-chain-risk-and-resolution-an-empirical-study-of-stock-market-reactions.pdf,"journal p. 2987, Table 3, row 48, panel 3",direct,yes,Direct Table 3 anchor; also present in Hassan Online Appendix Table III.
chancy,,Y (inferred),"Hassan et al. (2019), Online Appendix Table III; Theile non-occurrence reconciliation",qjz021_online_appendix.pdf,"Appendix Table III, PDF p. 16; absent from Theile Table 3 Y rows",high,no,"Candidate non-occurring Theile term. It is in Hassan's published 123-term observed synonym table, is absent from Theile Table 3, and the 17-term set difference exactly equals Theile's stated count."
defenseless,,Y (inferred),"Hassan et al. (2019), Online Appendix Table III; Theile non-occurrence reconciliation",qjz021_online_appendix.pdf,"Appendix Table III, PDF p. 16; absent from Theile Table 3 Y rows",high,no,"Candidate non-occurring Theile term. It is in Hassan's published 123-term observed synonym table, is absent from Theile Table 3, and the 17-term set difference exactly equals Theile's stated count."
diffidence,,Y (inferred),"Hassan et al. (2019), Online Appendix Table III; Theile non-occurrence reconciliation",qjz021_online_appendix.pdf,"Appendix Table III, PDF p. 16; absent from Theile Table 3 Y rows",high,no,"Candidate non-occurring Theile term. It is in Hassan's published 123-term observed synonym table, is absent from Theile Table 3, and the 17-term set difference exactly equals Theile's stated count."
doubtfulness,,Y (inferred),"Hassan et al. (2019), Online Appendix Table III; Theile non-occurrence reconciliation",qjz021_online_appendix.pdf,"Appendix Table III, PDF p. 16; absent from Theile Table 3 Y rows",high,no,"Candidate non-occurring Theile term. It is in Hassan's published 123-term observed synonym table, is absent from Theile Table 3, and the 17-term set difference exactly equals Theile's stated count."
fitful,,Y (inferred),"Hassan et al. (2019), Online Appendix Table III; Theile non-occurrence reconciliation",qjz021_online_appendix.pdf,"Appendix Table III, PDF p. 16; absent from Theile Table 3 Y rows",high,no,"Candidate non-occurring Theile term. It is in Hassan's published 123-term observed synonym table, is absent from Theile Table 3, and the 17-term set difference exactly equals Theile's stated count."
fluctuant,,Y (inferred),"Hassan et al. (2019), Online Appendix Table III; Theile non-occurrence reconciliation",qjz021_online_appendix.pdf,"Appendix Table III, PDF p. 16; absent from Theile Table 3 Y rows",high,no,"Candidate non-occurring Theile term. It is in Hassan's published 123-term observed synonym table, is absent from Theile Table 3, and the 17-term set difference exactly equals Theile's stated count."
incalculable,,Y (inferred),"Hassan et al. (2019), Online Appendix Table III; Theile non-occurrence reconciliation",qjz021_online_appendix.pdf,"Appendix Table III, PDF p. 16; absent from Theile Table 3 Y rows",high,no,"Candidate non-occurring Theile term. It is in Hassan's published 123-term observed synonym table, is absent from Theile Table 3, and the 17-term set difference exactly equals Theile's stated count."
incertitude,,Y (inferred),"Hassan et al. (2019), Online Appendix Table III; Theile non-occurrence reconciliation",qjz021_online_appendix.pdf,"Appendix Table III, PDF p. 16; absent from Theile Table 3 Y rows",high,no,"Candidate non-occurring Theile term. It is in Hassan's published 123-term observed synonym table, is absent from Theile Table 3, and the 17-term set difference exactly equals Theile's stated count."
indecisive,,Y (inferred),"Hassan et al. (2019), Online Appendix Table III; Theile non-occurrence reconciliation",qjz021_online_appendix.pdf,"Appendix Table III, PDF p. 16; absent from Theile Table 3 Y rows",high,no,"Candidate non-occurring Theile term. It is in Hassan's published 123-term observed synonym table, is absent from Theile Table 3, and the 17-term set difference exactly equals Theile's stated count."
misgiving,,Y (inferred),"Hassan et al. (2019), Online Appendix Table III; Theile non-occurrence reconciliation",qjz021_online_appendix.pdf,"Appendix Table III, PDF p. 16; absent from Theile Table 3 Y rows",high,no,"Candidate non-occurring Theile term. It is in Hassan's published 123-term observed synonym table, is absent from Theile Table 3, and the 17-term set difference exactly equals Theile's stated count."
niggle,,Y (inferred),"Hassan et al. (2019), Online Appendix Table III; Theile non-occurrence reconciliation",qjz021_online_appendix.pdf,"Appendix Table III, PDF p. 16; absent from Theile Table 3 Y rows",high,no,"Candidate non-occurring Theile term. It is in Hassan's published 123-term observed synonym table, is absent from Theile Table 3, and the 17-term set difference exactly equals Theile's stated count."
parlous,,Y (inferred),"Hassan et al. (2019), Online Appendix Table III; Theile non-occurrence reconciliation",qjz021_online_appendix.pdf,"Appendix Table III, PDF p. 16; absent from Theile Table 3 Y rows",high,no,"Candidate non-occurring Theile term. It is in Hassan's published 123-term observed synonym table, is absent from Theile Table 3, and the 17-term set difference exactly equals Theile's stated count."
precariousness,,Y (inferred),"Hassan et al. (2019), Online Appendix Table III; Theile non-occurrence reconciliation",qjz021_online_appendix.pdf,"Appendix Table III, PDF p. 16; absent from Theile Table 3 Y rows",high,no,"Candidate non-occurring Theile term. It is in Hassan's published 123-term observed synonym table, is absent from Theile Table 3, and the 17-term set difference exactly equals Theile's stated count."
unconfident,,Y (inferred),"Hassan et al. (2019), Online Appendix Table III; Theile non-occurrence reconciliation",qjz021_online_appendix.pdf,"Appendix Table III, PDF p. 16; absent from Theile Table 3 Y rows",high,no,"Candidate non-occurring Theile term. It is in Hassan's published 123-term observed synonym table, is absent from Theile Table 3, and the 17-term set difference exactly equals Theile's stated count."
undependable,,Y (inferred),"Hassan et al. (2019), Online Appendix Table III; Theile non-occurrence reconciliation",qjz021_online_appendix.pdf,"Appendix Table III, PDF p. 16; absent from Theile Table 3 Y rows",high,no,"Candidate non-occurring Theile term. It is in Hassan's published 123-term observed synonym table, is absent from Theile Table 3, and the 17-term set difference exactly equals Theile's stated count."
unsureness,,Y (inferred),"Hassan et al. (2019), Online Appendix Table III; Theile non-occurrence reconciliation",qjz021_online_appendix.pdf,"Appendix Table III, PDF p. 16; absent from Theile Table 3 Y rows",high,no,"Candidate non-occurring Theile term. It is in Hassan's published 123-term observed synonym table, is absent from Theile Table 3, and the 17-term set difference exactly equals Theile's stated count."
untrustworthy,,Y (inferred),"Hassan et al. (2019), Online Appendix Table III; Theile non-occurrence reconciliation",qjz021_online_appendix.pdf,"Appendix Table III, PDF p. 16; absent from Theile Table 3 Y rows",high,no,"Candidate non-occurring Theile term. It is in Hassan's published 123-term observed synonym table, is absent from Theile Table 3, and the 17-term set difference exactly equals Theile's stated count."
