display_order,table_row,table_panel,term,frequency,hw_class,ocr_raw_term,ocr_raw_frequency,ocr_raw_hw,manual_correction,correction_notes
1,1,1,issues,35497,Y,issues,"35, 497",Y,frequency separator normalized,"Embedded PDF text extracted '35, 497'; visual inspection confirmed 35,497. Term and H/W class were unchanged."
2,1,2,bottleneck,657,N,bottleneck,657,N,,
3,1,3,apprehension,46,Y,apprehension,46,Y,,
4,2,1,issue,26875,Y,issue,"26, 875",Y,frequency separator normalized,"Embedded PDF text extracted '26, 875'; visual inspection confirmed 26,875. Term and H/W class were unchanged."
5,2,2,fear,639,Y,fear,639,Y,,
6,2,3,hazy,36,Y,hazy,36,Y,,
7,3,1,risk,26160,Y,risk,"26, 160",Y,frequency separator normalized,"Embedded PDF text extracted '26, 160'; visual inspection confirmed 26,160. Term and H/W class were unchanged."
8,3,2,reservation,635,Y,reservation,635,Y,,
9,3,3,riskiest,36,Y,riskiest,36,Y,,
10,4,1,backlog,24867,N,backlog,"24, 867",N,frequency separator normalized,"Embedded PDF text extracted '24, 867'; visual inspection confirmed 24,867. Term and H/W class were unchanged."
11,4,2,unpredictable,558,Y,unpredictable,558,Y,,
12,4,3,torn,35,Y,torn,35,Y,,
13,5,1,difficult,19609,N,difficult,"19, 609",N,frequency separator normalized,"Embedded PDF text extracted '19, 609'; visual inspection confirmed 19,609. Term and H/W class were unchanged."
14,5,2,unknown,555,Y,unknown,555,Y,,
15,5,3,peril,31,Y,peril,31,Y,,
16,6,1,delays,10068,N,delays,"10, 068",N,frequency separator normalized,"Embedded PDF text extracted '10, 068'; visual inspection confirmed 10,068. Term and H/W class were unchanged."
17,6,2,unclear,503,Y,unclear,503,Y,,
18,6,3,indecision,30,Y,indecision,30,Y,,
19,7,1,problem,8843,Y,problem,8843,Y,,
20,7,2,problematic,472,N,problematic,472,N,,
21,7,3,wager,30,Y,wager,30,Y,,
22,8,1,constraints,8755,N,constraints,8755,N,,
23,8,2,shortfalls,458,N,shortfalls,458,N,,
24,8,3,precarious,27,Y,precarious,27,Y,,
25,9,1,problems,8108,Y,problems,8108,Y,,
26,9,2,constrain,403,N,constrain,403,N,,
27,9,3,undecided,26,Y,undecided,26,Y,,
28,10,1,variable,7265,Y,variable,7265,Y,,
29,10,2,tricky,371,Y,tricky,371,Y,,
30,10,3,unsafe,26,Y,unsafe,26,Y,,
31,11,1,delayed,7246,N,delayed,7246,N,,
32,11,2,disrupting,353,N,disrupting,353,N,,
33,11,3,wavering,23,Y,wavering,23,Y,,
34,12,1,volatility,7122,N,volatility,7122,N,,
35,12,2,hesitancy,345,Y,hesitancy,345,Y,,
36,12,3,debatable,22,Y,debatable,22,Y,,
37,13,1,uncertainty,7085,Y,uncertainty,7085,Y,,
38,13,2,unforeseen,343,N,unforeseen,343,N,,
39,13,3,insecurity,22,Y,insecurity,22,Y,,
40,14,1,delay,6791,N,delay,6791,N,,
41,14,2,hazardous,329,Y,hazardous,329,Y,,
42,14,3,tentativeness,21,Y,tentativeness,21,Y,,
43,15,1,disruption,6145,N,disruption,6145,N,,
44,15,2,risky,319,Y,risky,319,Y,,
45,15,3,halting,20,Y,halting,20,Y,,
46,16,1,risks,5686,Y,risks,5686,Y,,
47,16,2,gamble,292,Y,gamble,292,Y,,
48,16,3,dicey,17,Y,dicey,17,Y,,
49,17,1,constrained,4443,N,constrained,4443,N,,
50,17,2,unexpectedly,241,N,unexpectedly,241,N,,
51,17,3,undetermined,17,Y,undetermined,17,Y,,
52,18,1,disruptions,4439,N,disruptions,4439,N,,
53,18,2,tentative,233,Y,tentative,233,Y,,
54,18,3,insecure,16,Y,insecure,16,Y,,
55,19,1,chance,4127,Y,chance,4127,Y,,
56,19,2,queries,227,Y,queries,227,Y,,
57,19,3,iffy,13,Y,iffy,13,Y,,
58,20,1,shortages,3564,N,shortages,3564,N,,
59,20,2,constraining,224,N,constraining,224,N,,
60,20,3,treacherous,13,Y,treacherous,13,Y,,
61,21,1,pending,3462,Y,pending,3462,Y,,
62,21,2,doubtful,214,Y,doubtful,214,Y,,
63,21,3,ambivalent,11,Y,ambivalent,11,Y,,
64,22,1,possibility,3220,Y,possibility,3220,Y,,
65,22,2,erratic,197,Y,erratic,197,Y,,
66,22,3,dubious,11,Y,dubious,11,Y,,
67,23,1,shortage,2889,N,shortage,2889,N,,
68,23,2,fluctuating,189,Y,fluctuating,189,Y,,
69,23,3,faltering,11,Y,faltering,11,Y,,
70,24,1,difficulty,2852,N,difficulty,2852,N,,
71,24,2,instability,182,Y,instability,182,Y,,
72,24,3,quandary,11,Y,quandary,11,Y,,
73,25,1,prospect,2546,Y,prospect,2546,Y,,
74,25,2,dangerous,181,Y,dangerous,181,Y,,
75,25,3,unreliability,11,Y,unreliability,11,Y,,
76,26,1,uncertain,2487,Y,uncertain,2487,Y,,
77,26,2,query,162,Y,query,162,Y,,
78,26,3,endanger,8,Y,endanger,8,Y,,
79,27,1,doubt,2468,Y,doubt,2468,Y,,
80,27,2,riskier,149,Y,riskier,149,Y,,
81,27,3,oscillating,6,Y,oscillating,6,Y,,
82,28,1,volatile,2426,N,volatile,2426,N,,
83,28,2,unpredictability,126,Y,unpredictability,126,Y,,
84,28,3,perilous,6,Y,perilous,6,Y,,
85,29,1,uncertainties,2098,Y,uncertainties,2098,Y,,
86,29,2,irregular,123,Y,irregular,123,Y,,
87,29,3,qualm,6,Y,qualm,6,Y,,
88,30,1,variability,2080,Y,variability,2080,Y,,
89,30,2,troubles,110,N,troubles,110,N,,
90,30,3,riskiness,6,Y,riskiness,6,Y,,
91,31,1,difficulties,1956,N,difficulties,1956,N,,
92,31,2,hazard,108,Y,hazard,108,Y,,
93,31,3,wariness,6,Y,wariness,6,Y,,
94,32,1,delaying,1917,N,delaying,1917,N,,
95,32,2,dilemma,107,Y,dilemma,107,Y,,
96,32,3,ambivalence,5,Y,ambivalence,5,Y,,
97,33,1,trouble,1904,N,trouble,1904,N,,
98,33,2,jeopardize,100,Y,jeopardize,100,Y,,
99,33,3,menace,5,Y,menace,5,Y,,
100,34,1,constraint,1880,N,constraint,1880,N,,
101,34,2,unsure,100,Y,unsure,100,Y,,
102,34,3,changeability,4,Y,changeability,4,Y,,
103,35,1,exposed,1631,Y,exposed,1631,Y,,
104,35,2,danger,95,Y,danger,95,Y,,
105,35,3,changeable,4,Y,changeable,4,Y,,
106,36,1,threat,1629,Y,threat,1629,Y,,
107,36,2,unsettled,94,Y,unsettled,94,Y,,
108,36,3,hairy,4,Y,hairy,4,Y,,
109,37,1,backlogs,1629,N,backlogs,1629,N,,
110,37,2,unstable,90,Y,unstable,90,Y,,
111,37,3,imperil,4,Y,imperil,4,Y,,
112,38,1,shortfall,1554,N,shortfall,1554,N,,
113,38,2,suspicion,75,Y,suspicion,75,Y,,
114,38,3,equivocation,3,Y,equivocation,3,Y,,
115,39,1,unexpected,1488,N,unexpected,1488,N,,
116,39,2,glitch,68,N,glitch,68,N,,
117,39,3,unforeseeable,3,Y,unforeseeable,3,Y,,
118,40,1,likelihood,1349,Y,likelihood,1349,Y,,
119,40,2,hesitating,67,Y,hesitating,67,Y,,
120,40,3,vacillation,3,Y,vacillation,3,Y,,
121,41,1,sticky,1269,Y,sticky,1269,Y,,
122,41,2,unreliable,67,Y,unreliable,67,Y,,
123,41,3,vagueness,3,Y,vagueness,3,Y,,
124,42,1,probability,1154,Y,probability,1154,Y,,
125,42,2,vague,66,Y,vague,66,Y,,
126,42,3,fickleness,2,Y,fickleness,2,Y,,
127,43,1,bottlenecks,1091,N,bottlenecks,1091,N,,
128,43,2,risked,64,Y,risked,64,Y,,
129,43,3,gnarly,2,Y,gnarly,2,Y,,
130,44,1,varying,1014,Y,varying,1014,Y,,
131,44,2,unresolved,64,Y,unresolved,64,Y,,
132,44,3,vacillating,2,Y,vacillating,2,Y,,
133,45,1,bet,978,Y,bet,978,Y,,
134,45,2,risking,63,Y,risking,63,Y,,
135,45,3,diffident,1,Y,diffident,1,Y,,
136,46,1,speculative,855,Y,speculative,855,Y,,
137,46,2,glitches,59,N,glitches,59,N,,
138,46,3,disquiet,1,Y,disquiet,1,Y,,
139,47,1,disrupted,801,N,disrupted,801,N,,
140,47,2,jeopardy,56,Y,jeopardy,56,Y,,
141,47,3,dodgy,1,Y,dodgy,1,Y,,
142,48,1,hesitant,744,Y,hesitant,744,Y,,
143,48,2,skepticism,56,Y,skepticism,56,Y,,
144,48,3,equivocating,1,Y,equivocating,1,Y,,
