dimension,value,calls,zero_calls,zero_rate_percent,median_word_count,median_supply_chain_occurrences,median_risk_occurrences
year,2010,734,359,48.91,7239.5,59.0,6.0
year,2011,822,339,41.24,7169.5,59.5,7.0
year,2012,1139,524,46.01,6859.0,55.0,7.0
year,2013,1210,611,50.5,6760.0,55.0,6.0
year,2014,1230,623,50.65,6761.5,55.0,6.0
year,2015,1221,640,52.42,7074.0,54.0,6.0
year,2016,1220,637,52.21,7204.0,56.0,6.0
year,2017,1226,622,50.73,6999.0,58.0,6.0
year,2018,1283,542,42.24,6869.0,57.0,7.0
year,2019,1279,548,42.85,6771.0,58.0,8.0
year,2020,1273,355,27.89,7252.0,68.0,10.0
year,2021,1270,335,26.38,6591.0,71.0,9.0
year,2022,1317,296,22.48,6813.0,74.0,10.0
year,2023,1313,442,33.66,6613.0,66.0,8.0
year,2024,1296,506,39.04,6706.0,65.0,7.0
sector,Consumer Goods,1640,716,43.66,7432.5,68.0,6.0
sector,Energy,1755,713,40.63,7086.0,60.0,7.0
sector,Financial Services,1917,796,41.52,6857.0,31.0,13.0
sector,Healthcare,2291,1297,56.61,7615.0,43.0,7.0
sector,Industrials,2085,657,31.51,7188.0,80.0,8.0
sector,Real Estate,1656,884,53.38,6349.0,32.0,7.0
sector,Retail,2052,789,38.45,7503.5,83.0,7.0
sector,Semiconductors,2371,704,29.69,5920.0,83.0,7.0
sector,Technology,2066,823,39.84,6315.5,71.0,6.0
