SCRisk_quintile,Resolution_quintile,effective_n,contributing_calls,firms,mean,se_firm_clustered,ci_low,ci_high,zero_scrisk_weight,zero_resolution_weight,sic_divisions,mean_percent,se_firm_clustered_percent,ci_low_percent,ci_high_percent,membership_rows,fractional_mass
1,1,2101.3199999999997,21027,1940,0.0052242568743601312,0.00055287654159857588,0.0041399619323964302,0.0063085518163238322,2101.3199999999997,2101.3199999999997,9,0.52242568743601314,0.055287654159857591,0.41399619323964304,0.63085518163238319,21027,2101.3199999999997
1,2,2101.3199999999997,21027,1940,0.0052242568743601312,0.00055287654159857588,0.0041399619323964302,0.0063085518163238322,2101.3199999999997,2101.3199999999997,9,0.52242568743601314,0.055287654159857591,0.41399619323964304,0.63085518163238319,21027,2101.3199999999997
1,3,2101.3199999999997,21027,1940,0.0052242568743601312,0.00055287654159857588,0.0041399619323964302,0.0063085518163238322,2101.3199999999997,2101.3199999999997,9,0.52242568743601314,0.055287654159857591,0.41399619323964304,0.63085518163238319,21027,2101.3199999999997
1,4,2101.3200000000002,21027,1940,0.0052242568743601303,0.00055287654159857588,0.0041399619323964293,0.0063085518163238314,2101.3200000000002,2101.3200000000002,9,0.52242568743601303,0.055287654159857591,0.41399619323964293,0.63085518163238319,21027,2101.3200000000002
1,5,2101.3200000000002,21027,1940,0.0052242568743601303,0.00055287654159857588,0.0041399619323964293,0.0063085518163238314,2101.3200000000002,2101.3200000000002,9,0.52242568743601303,0.055287654159857591,0.41399619323964293,0.63085518163238319,21027,2101.3200000000002
2,1,2101.3199999999997,22461,1951,0.00489549958663306,0.00053444962573420489,0.0038473469874063318,0.0059436521858597883,1806.0372101147159,2101.3199999999997,9,0.48954995866330603,0.05344496257342049,0.38473469874063315,0.59436521858597879,22461,2101.3199999999997
2,2,2101.3199999999997,22461,1951,0.00489549958663306,0.00053444962573420489,0.0038473469874063318,0.0059436521858597883,1806.0372101147159,2101.3199999999997,9,0.48954995866330603,0.05344496257342049,0.38473469874063315,0.59436521858597879,22461,2101.3199999999997
2,3,2101.3200000000002,22461,1951,0.0048954995866330583,0.00053444962573420479,0.0038473469874063301,0.0059436521858597866,1806.0372101147161,2101.3200000000002,9,0.48954995866330581,0.053444962573420476,0.38473469874063299,0.59436521858597868,22461,2101.3200000000002
2,4,2101.3199999999997,22461,1951,0.0048954995866330592,0.00053444962573420479,0.0038473469874063309,0.0059436521858597874,1806.0372101147157,2101.3199999999997,9,0.48954995866330592,0.053444962573420476,0.3847346987406331,0.59436521858597879,22461,2101.3199999999997
2,5,2101.3199999999993,22586,1952,0.0049949991144200463,0.0006647441552595191,0.0036913157384652093,0.006298682490374883,1726.0511595411363,1976.3200000000002,9,0.49949991144200462,0.066474415525951916,0.3691315738465209,0.62986824903748828,22586,2101.3199999999993
3,1,2101.3199999999997,18734,1868,0.0026343241504080479,0.00069797555286536762,0.0012654297686966285,0.0040032185321194676,329.7090746375618,2101.3199999999997,9,0.26343241504080478,0.069797555286536764,0.12654297686966284,0.40032185321194674,18734,2101.3199999999997
3,2,2101.3199999999997,18734,1868,0.0026343241504080479,0.00069797555286536762,0.0012654297686966285,0.0040032185321194676,329.7090746375618,2101.3199999999997,9,0.26343241504080478,0.069797555286536764,0.12654297686966284,0.40032185321194674,18734,2101.3199999999997
3,3,2101.3199999999997,18734,1868,0.0026343241504080479,0.00069797555286536762,0.0012654297686966285,0.0040032185321194676,329.7090746375618,2101.3199999999997,9,0.26343241504080478,0.069797555286536764,0.12654297686966284,0.40032185321194674,18734,2101.3199999999997
3,4,2101.3199999999997,18734,1868,0.0026343241504080479,0.00069797555286536762,0.0012654297686966285,0.0040032185321194676,329.7090746375618,2101.3199999999997,9,0.26343241504080478,0.069797555286536764,0.12654297686966284,0.40032185321194674,18734,2101.3199999999997
3,5,2101.3199999999997,19771,1880,0.0041138990416240678,0.0011215203209605598,0.0019143427680650598,0.0063134553151830758,251.36370144975294,1065.119999999999,9,0.41138990416240678,0.11215203209605598,0.19143427680650599,0.63134553151830752,19771,2101.3199999999997
4,1,2101.3200000000002,8606,1771,0.0004710397040269173,0.00082111608772233394,-0.0011394195093402189,0.0020814989173940537,0,2101.3200000000002,9,0.047103970402691729,0.082111608772233391,-0.11394195093402189,0.20814989173940537,8606,2101.3200000000002
4,2,2101.3200000000002,8606,1771,0.0004710397040269173,0.00082111608772233394,-0.0011394195093402189,0.0020814989173940537,0,2101.3200000000002,9,0.047103970402691729,0.082111608772233391,-0.11394195093402189,0.20814989173940537,8606,2101.3200000000002
4,3,2101.3199999999997,8606,1771,0.00047103970402691752,0.00082111608772233405,-0.0011394195093402189,0.0020814989173940542,0,2101.3199999999997,9,0.04710397040269175,0.082111608772233405,-0.11394195093402189,0.2081498917394054,8606,2101.3199999999997
4,4,2101.3199999999997,8645,1773,0.00038768025698106582,0.000841332928948662,-0.0012624290768345687,0.0020377895907967005,0,2062.7200000000003,9,0.038768025698106584,0.084133292894866193,-0.12624290768345686,0.20377895907967006,8645,2101.3199999999997
4,5,2101.3200000000002,5590,1356,0.0032128272805369293,0.0015127586533387818,0.00024522400781904581,0.0061804305532548124,0,234.12000000000057,9,0.32128272805369296,0.15127586533387818,0.024522400781904583,0.61804305532548121,5590,2101.3200000000002
5,1,2101.3200000000002,7169,1609,-0.0039811621044362616,0.00090104462551498794,-0.0057485074079162493,-0.0022138168009562739,0,2101.3200000000002,9,-0.39811621044362616,0.090104462551498787,-0.5748507407916249,-0.22138168009562739,7169,2101.3200000000002
5,2,2101.3200000000002,7169,1609,-0.0039811621044362616,0.00090104462551498794,-0.0057485074079162493,-0.0022138168009562739,0,2101.3200000000002,9,-0.39811621044362616,0.090104462551498787,-0.5748507407916249,-0.22138168009562739,7169,2101.3200000000002
5,3,2101.3200000000002,7169,1609,-0.0039811621044362616,0.00090104462551498783,-0.0057485074079162493,-0.0022138168009562744,0,2101.3200000000002,9,-0.39811621044362616,0.090104462551498787,-0.5748507407916249,-0.22138168009562745,7169,2101.3200000000002
5,4,2101.3199999999997,8415,1656,-0.0056460404743440612,0.0013375684922910548,-0.0082695451911900739,-0.0030225357574980493,0,859.00000000000023,9,-0.56460404743440606,0.1337568492291055,-0.82695451911900741,-0.30225357574980494,8415,2101.3199999999997
5,5,2101.3200000000002,2112,932,-0.002870462215537206,0.0018828735017640554,-0.0065656303337579842,0.00082470590268357265,0,0.64000000000000057,9,-0.28704622155372062,0.18828735017640555,-0.65656303337579847,0.082470590268357263,2112,2101.3200000000002
