sector,group,events,min_scrisk,max_scrisk,median_scrisk,mean_car_0_1_bp,mean_ci_low_bp,mean_ci_high_bp,median_car_0_1_bp,median_ci_low_bp,median_ci_high_bp,groups,largest_group_share_percent
Semiconductors,Score = 0,735,0.0,0.0,0.0,5.78,-57.52,69.09,-0.74,-60.12,51.24,1,100.0
Semiconductors,Q1,328,0.101979801328,0.324599971592,0.2107255538335,42.96,-48.71,134.64,81.47,-51.33,141.03,1,100.0
Semiconductors,Q2,327,0.324958768294,0.581077077631,0.456287217645,88.98,2.58,175.38,88.02,-9.21,196.22,1,100.0
Semiconductors,Q3,327,0.582758668472,0.979022183523,0.756713799272,44.83,-39.11,128.77,-2.66,-57.15,59.4,1,100.0
Semiconductors,Q4,327,0.979402394743,1.79421978441,1.27388098211,77.48,-14.94,169.9,3.28,-76.05,106.85,1,100.0
Semiconductors,Q5,327,1.79483272627,18.5421807711,2.74900232776,41.75,-43.45,126.95,39.22,-40.41,117.25,1,100.0
Healthcare,Score = 0,1352,0.0,0.0,0.0,16.46,-19.23,52.15,2.72,-27.54,33.79,1,100.0
Healthcare,Q1,188,0.0756818242744,0.15627784985,0.128036475145,24.5,-38.24,87.24,58.21,-22.88,131.14,1,100.0
Healthcare,Q2,188,0.15657420241,0.247259058209,0.1903929558345,-12.44,-91.38,66.5,-18.05,-98.1,61.13,1,100.0
Healthcare,Q3,188,0.248101820005,0.45301312065,0.333581459789,38.8,-51.62,129.22,5.38,-120.24,67.44,1,100.0
Healthcare,Q4,188,0.453845735994,0.941272736958,0.6262207212894999,20.84,-94.78,136.47,2.8,-136.23,97.71,1,100.0
Healthcare,Q5,187,0.947598906558,18.050431063,1.5270539223,-121.71,-238.88,-4.54,11.14,-98.64,100.05,1,100.0
Industrials,Score = 0,682,0.0,0.0,0.0,41.44,-8.31,91.2,37.48,-6.79,89.99,1,100.0
Industrials,Q1,281,0.0801886349132,0.209018515798,0.14997093026,62.15,-10.01,134.31,71.03,-3.68,126.54,1,100.0
Industrials,Q2,281,0.209435454798,0.403202180827,0.302733081858,-23.31,-95.2,48.59,31.44,-53.83,87.52,1,100.0
Industrials,Q3,280,0.403732739309,0.664669277113,0.5155743233065,-31.69,-100.4,37.03,-63.39,-112.88,-8.76,1,100.0
Industrials,Q4,281,0.665464384269,1.3784416238,0.947458802755,-8.43,-82.31,65.45,-30.34,-102.14,63.54,1,100.0
Industrials,Q5,280,1.37979821906,15.9921876718,2.3325868180900002,-10.28,-76.46,55.9,-1.57,-70.53,67.74,1,100.0
Technology,Score = 0,842,0.0,0.0,0.0,70.3,17.03,123.57,13.17,-20.81,63.82,1,100.0
Technology,Q1,245,0.0793984715905,0.252220350175,0.177773755587,61.05,-35.21,157.3,38.21,-42.07,148.77,1,100.0
Technology,Q2,245,0.252263341756,0.459815945702,0.332859940039,195.01,92.34,297.67,130.1,29.71,264.01,1,100.0
Technology,Q3,245,0.462900512268,0.845367851227,0.619151497615,50.15,-46.34,146.64,58.11,-36.22,164.03,1,100.0
Technology,Q4,245,0.845720370324,1.84019585833,1.20877565724,-14.67,-115.79,86.46,19.19,-91.05,118.98,1,100.0
Technology,Q5,244,1.84594024273,32.6128638606,2.89996605527,126.61,8.48,244.74,45.31,-43.04,179.53,1,100.0
Retail,Score = 0,821,0.0,0.0,0.0,37.24,-7.0,81.47,14.04,-9.8,48.3,1,100.0
Retail,Q1,247,0.0430004474978,0.198699807441,0.151516487708,-18.07,-101.56,65.43,2.32,-108.98,58.54,1,100.0
Retail,Q2,246,0.199578038634,0.377101322328,0.279286366058,42.57,-49.87,135.01,25.37,-31.09,124.86,1,100.0
Retail,Q3,246,0.378456471503,0.661756354344,0.508279654927,25.21,-62.62,113.04,-2.63,-92.2,99.73,1,100.0
Retail,Q4,246,0.662115247522,1.44464885283,0.9426466537915,-2.9,-87.78,81.98,-26.68,-106.8,43.81,1,100.0
Retail,Q5,246,1.45326785184,14.9719471406,2.68221913868,-17.58,-108.31,73.16,-26.61,-109.04,56.12,1,100.0
Financial Services,Score = 0,808,0.0,0.0,0.0,15.7,-11.98,43.38,23.23,-2.73,43.65,1,100.0
Financial Services,Q1,222,0.0734027685258,0.173124630747,0.1410088535795,2.7,-45.13,50.53,44.72,-23.44,89.14,1,100.0
Financial Services,Q2,222,0.173234024663,0.270219215151,0.21465477734549998,-26.5,-76.6,23.6,-31.28,-62.27,36.29,1,100.0
Financial Services,Q3,222,0.271108268255,0.422313621617,0.34549413603650003,-5.03,-63.51,53.45,11.55,-32.68,78.87,1,100.0
Financial Services,Q4,222,0.422745757668,0.728416663386,0.540340884579,16.14,-37.44,69.71,13.66,-46.28,69.2,1,100.0
Financial Services,Q5,221,0.729199622064,10.6627859705,1.1279101704,34.55,-21.75,90.84,-5.32,-54.46,70.12,1,100.0
Energy,Score = 0,753,0.0,0.0,0.0,35.72,-17.87,89.32,18.5,-47.82,52.92,1,100.0
Energy,Q1,201,0.0864755811414,0.168880902257,0.136772486363,6.51,-70.46,83.48,2.52,-77.44,63.27,1,100.0
Energy,Q2,200,0.169019183496,0.260209796454,0.202863743304,-23.44,-115.68,68.81,-47.05,-98.22,20.55,1,100.0
Energy,Q3,201,0.261056007174,0.394098419675,0.320884965514,-1.09,-67.97,65.79,-30.91,-101.01,40.69,1,100.0
Energy,Q4,200,0.394518379111,0.659448134788,0.5095357851345,-1.5,-75.62,72.62,-2.57,-65.05,83.94,1,100.0
Energy,Q5,200,0.664531240903,9.62976768706,0.9833869519605001,32.33,-62.79,127.44,28.38,-75.66,104.66,1,100.0
Real Estate,Score = 0,945,0.0,0.0,0.0,3.29,-18.67,25.26,10.5,-10.31,27.85,1,100.0
Real Estate,Q1,143,0.0933221832114,0.16366341149,0.139794181851,55.45,7.51,103.39,53.4,-3.94,93.1,1,100.0
Real Estate,Q2,142,0.163863491066,0.229101791614,0.19010888892299999,14.95,-39.11,69.01,6.29,-31.79,75.58,1,100.0
Real Estate,Q3,142,0.229484100647,0.343543746959,0.28487363109450003,-37.4,-94.45,19.64,-39.2,-99.78,27.57,1,100.0
Real Estate,Q4,142,0.345403972059,0.529294253287,0.43024624198100003,-3.43,-52.62,45.75,0.37,-47.69,70.5,1,100.0
Real Estate,Q5,142,0.534547971654,5.31802016718,0.7614347732535001,8.08,-38.78,54.94,25.42,-38.33,73.17,1,100.0
Consumer Goods,Score = 0,740,0.0,0.0,0.0,-18.44,-57.24,20.36,-6.86,-41.55,21.43,1,100.0
Consumer Goods,Q1,180,0.0907316631939,0.194485418588,0.147697584276,-68.73,-150.4,12.94,-89.44,-157.77,5.06,1,100.0
Consumer Goods,Q2,180,0.19453805166,0.358725173712,0.26825214723699997,36.73,-40.61,114.06,24.1,-32.75,84.71,1,100.0
Consumer Goods,Q3,180,0.360259386745,0.654774618475,0.4683649303165,57.0,-40.29,154.29,-1.76,-92.73,147.87,1,100.0
Consumer Goods,Q4,180,0.656023938006,1.3574435086,0.8906576960465,48.75,-33.35,130.85,32.22,-45.87,105.09,1,100.0
Consumer Goods,Q5,180,1.35803101477,17.4669741522,2.61778436494,23.15,-82.08,128.38,-10.29,-69.83,93.9,1,100.0
