,S1R1,S1R2,S1R3,S1R4,S1R5,S2R1,S2R2,S2R3,S2R4,S2R5,S3R1,S3R2,S3R3,S3R4,S3R5,S4R1,S4R2,S4R3,S4R4,S4R5,S5R1,S5R2,S5R3,S5R4,S5R5
S1R1,4.8411450643596249e-06,4.8411450643596249e-06,4.8411450643596257e-06,4.8411450643596232e-06,4.8411450643596232e-06,1.6659894248916197e-06,1.6659894248916197e-06,1.6659894248916195e-06,1.6659894248916193e-06,1.0420468301839912e-06,-9.0008143546113317e-07,-9.0008143546113317e-07,-9.0008143546113327e-07,-9.0008143546113296e-07,-8.9721652637043565e-07,-1.6840842655562017e-06,-1.6840842655562017e-06,-1.6840842655562022e-06,-1.0346062616554749e-06,-5.85574833414726e-07,-9.0338450236444483e-07,-9.0338450236444483e-07,-9.4665147266787533e-07,-7.7467704274305099e-07,2.2743515331964839e-07
S1R2,4.8411450643596249e-06,4.8411450643596249e-06,4.8411450643596257e-06,4.8411450643596232e-06,4.8411450643596232e-06,1.6659894248916197e-06,1.6659894248916197e-06,1.6659894248916195e-06,1.6659894248916193e-06,1.0420468301839912e-06,-9.0008143546113317e-07,-9.0008143546113317e-07,-9.0008143546113327e-07,-9.0008143546113296e-07,-8.9721652637043565e-07,-1.6840842655562017e-06,-1.6840842655562017e-06,-1.6840842655562022e-06,-1.0346062616554749e-06,-5.85574833414726e-07,-9.0338450236444483e-07,-9.0338450236444483e-07,-9.4665147266787533e-07,-7.7467704274305099e-07,2.2743515331964839e-07
S1R3,4.8411450643596257e-06,4.8411450643596257e-06,4.8411450643596257e-06,4.8411450643596232e-06,4.8411450643596232e-06,1.6659894248916195e-06,1.6659894248916195e-06,1.6659894248916195e-06,1.6659894248916188e-06,1.0420468301839914e-06,-9.0008143546113317e-07,-9.0008143546113317e-07,-9.0008143546113338e-07,-9.0008143546113285e-07,-8.9721652637043618e-07,-1.6840842655562026e-06,-1.6840842655562026e-06,-1.6840842655562026e-06,-1.0346062616554756e-06,-5.8557483341472621e-07,-9.0338450236444483e-07,-9.0338450236444483e-07,-9.4665147266787522e-07,-7.7467704274305109e-07,2.2743515331964808e-07
S1R4,4.8411450643596232e-06,4.8411450643596232e-06,4.8411450643596232e-06,4.8411450643596215e-06,4.8411450643596215e-06,1.6659894248916186e-06,1.6659894248916186e-06,1.665989424891619e-06,1.6659894248916182e-06,1.0420468301839906e-06,-9.0008143546113264e-07,-9.0008143546113264e-07,-9.0008143546113264e-07,-9.0008143546113264e-07,-8.9721652637043565e-07,-1.6840842655562013e-06,-1.6840842655562013e-06,-1.6840842655562013e-06,-1.0346062616554747e-06,-5.8557483341472578e-07,-9.033845023644444e-07,-9.033845023644444e-07,-9.4665147266787544e-07,-7.7467704274305067e-07,2.2743515331964824e-07
S1R5,4.8411450643596232e-06,4.8411450643596232e-06,4.8411450643596232e-06,4.8411450643596215e-06,4.8411450643596215e-06,1.6659894248916186e-06,1.6659894248916186e-06,1.665989424891619e-06,1.6659894248916182e-06,1.0420468301839906e-06,-9.0008143546113264e-07,-9.0008143546113264e-07,-9.0008143546113264e-07,-9.0008143546113243e-07,-8.9721652637043555e-07,-1.6840842655562013e-06,-1.6840842655562013e-06,-1.6840842655562013e-06,-1.0346062616554747e-06,-5.8557483341472578e-07,-9.033845023644444e-07,-9.033845023644444e-07,-9.4665147266787544e-07,-7.7467704274305067e-07,2.2743515331964824e-07
S2R1,1.6659894248916197e-06,1.6659894248916197e-06,1.6659894248916195e-06,1.6659894248916186e-06,1.6659894248916186e-06,4.2403807166772393e-06,4.2403807166772393e-06,4.2403807166772393e-06,4.2403807166772376e-06,2.3298714512913245e-06,-7.7064741609028104e-07,-7.7064741609028104e-07,-7.7064741609028093e-07,-7.7064741609028136e-07,-6.534175231519666e-07,-1.0546848556829248e-06,-1.0546848556829248e-06,-1.0546848556829252e-06,-1.195585045236799e-06,4.0373932739230266e-07,-8.1139128084256739e-07,-8.1139128084256739e-07,-8.2947242222075148e-07,-1.2637062515510754e-06,3.701608910311017e-07
S2R2,1.6659894248916197e-06,1.6659894248916197e-06,1.6659894248916195e-06,1.6659894248916186e-06,1.6659894248916186e-06,4.2403807166772393e-06,4.2403807166772393e-06,4.2403807166772393e-06,4.2403807166772376e-06,2.3298714512913245e-06,-7.7064741609028104e-07,-7.7064741609028104e-07,-7.7064741609028093e-07,-7.7064741609028136e-07,-6.534175231519666e-07,-1.0546848556829248e-06,-1.0546848556829248e-06,-1.0546848556829252e-06,-1.195585045236799e-06,4.0373932739230266e-07,-8.1139128084256739e-07,-8.1139128084256739e-07,-8.2947242222075148e-07,-1.2637062515510754e-06,3.701608910311017e-07
S2R3,1.6659894248916195e-06,1.6659894248916195e-06,1.6659894248916195e-06,1.665989424891619e-06,1.665989424891619e-06,4.2403807166772393e-06,4.2403807166772393e-06,4.2403807166772401e-06,4.2403807166772393e-06,2.3298714512913253e-06,-7.7064741609028093e-07,-7.7064741609028093e-07,-7.7064741609028114e-07,-7.7064741609028093e-07,-6.534175231519665e-07,-1.0546848556829248e-06,-1.0546848556829248e-06,-1.054684855682925e-06,-1.195585045236799e-06,4.0373932739230276e-07,-8.1139128084256749e-07,-8.1139128084256749e-07,-8.2947242222075169e-07,-1.263706251551076e-06,3.7016089103110128e-07
S2R4,1.6659894248916193e-06,1.6659894248916193e-06,1.6659894248916188e-06,1.6659894248916182e-06,1.6659894248916182e-06,4.2403807166772376e-06,4.2403807166772376e-06,4.2403807166772393e-06,4.2403807166772367e-06,2.3298714512913241e-06,-7.7064741609028114e-07,-7.7064741609028114e-07,-7.7064741609028083e-07,-7.7064741609028104e-07,-6.534175231519665e-07,-1.0546848556829244e-06,-1.0546848556829244e-06,-1.0546848556829246e-06,-1.1955850452367985e-06,4.0373932739230276e-07,-8.1139128084256728e-07,-8.1139128084256728e-07,-8.2947242222075158e-07,-1.2637062515510747e-06,3.7016089103110154e-07
S2R5,1.0420468301839912e-06,1.0420468301839912e-06,1.0420468301839914e-06,1.0420468301839906e-06,1.0420468301839906e-06,2.3298714512913245e-06,2.3298714512913245e-06,2.3298714512913253e-06,2.3298714512913241e-06,7.7809497474998126e-06,-2.6927068858517857e-07,-2.6927068858517857e-07,-2.6927068858517862e-07,-2.6927068858517857e-07,-8.5666572804814765e-07,-1.0396885037716486e-06,-1.0396885037716486e-06,-1.0396885037716488e-06,-9.6502808313327533e-07,1.329440380964418e-07,-1.2364417686796898e-06,-1.2364417686796898e-06,-1.2954535383547651e-06,9.4761275676040026e-08,-3.1216856606512832e-07
S3R1,-9.0008143546113317e-07,-9.0008143546113317e-07,-9.0008143546113317e-07,-9.0008143546113264e-07,-9.0008143546113264e-07,-7.7064741609028104e-07,-7.7064741609028104e-07,-7.7064741609028093e-07,-7.7064741609028114e-07,-2.6927068858517857e-07,7.8589696083359277e-06,7.8589696083359277e-06,7.8589696083359277e-06,7.8589696083359243e-06,1.0892705787568031e-06,-6.7241110412615651e-07,-6.7241110412615651e-07,-6.7241110412615662e-07,-4.1987032994332401e-07,1.0948235039450067e-07,3.5888826989717155e-07,3.5888826989717155e-07,3.0740604575218879e-07,-4.620806349343038e-07,-4.0640615962743228e-07
S3R2,-9.0008143546113317e-07,-9.0008143546113317e-07,-9.0008143546113317e-07,-9.0008143546113264e-07,-9.0008143546113264e-07,-7.7064741609028104e-07,-7.7064741609028104e-07,-7.7064741609028093e-07,-7.7064741609028114e-07,-2.6927068858517857e-07,7.8589696083359277e-06,7.8589696083359277e-06,7.8589696083359277e-06,7.8589696083359243e-06,1.0892705787568031e-06,-6.7241110412615651e-07,-6.7241110412615651e-07,-6.7241110412615662e-07,-4.1987032994332401e-07,1.0948235039450067e-07,3.5888826989717155e-07,3.5888826989717155e-07,3.0740604575218879e-07,-4.620806349343038e-07,-4.0640615962743228e-07
S3R3,-9.0008143546113327e-07,-9.0008143546113327e-07,-9.0008143546113338e-07,-9.0008143546113264e-07,-9.0008143546113264e-07,-7.7064741609028093e-07,-7.7064741609028093e-07,-7.7064741609028114e-07,-7.7064741609028083e-07,-2.6927068858517862e-07,7.8589696083359277e-06,7.8589696083359277e-06,7.8589696083359294e-06,7.8589696083359277e-06,1.0892705787568033e-06,-6.7241110412615672e-07,-6.7241110412615672e-07,-6.7241110412615683e-07,-4.1987032994332412e-07,1.0948235039450094e-07,3.5888826989717155e-07,3.5888826989717155e-07,3.0740604575218884e-07,-4.6208063493430364e-07,-4.0640615962743228e-07
S3R4,-9.0008143546113296e-07,-9.0008143546113296e-07,-9.0008143546113285e-07,-9.0008143546113264e-07,-9.0008143546113243e-07,-7.7064741609028136e-07,-7.7064741609028136e-07,-7.7064741609028093e-07,-7.7064741609028104e-07,-2.6927068858517857e-07,7.8589696083359243e-06,7.8589696083359243e-06,7.8589696083359277e-06,7.8589696083359243e-06,1.0892705787568029e-06,-6.724111041261563e-07,-6.724111041261563e-07,-6.7241110412615662e-07,-4.1987032994332412e-07,1.0948235039450109e-07,3.5888826989717124e-07,3.5888826989717124e-07,3.0740604575218842e-07,-4.6208063493430391e-07,-4.0640615962743228e-07
S3R5,-8.9721652637043565e-07,-8.9721652637043565e-07,-8.9721652637043618e-07,-8.9721652637043565e-07,-8.9721652637043555e-07,-6.534175231519666e-07,-6.534175231519666e-07,-6.534175231519665e-07,-6.534175231519665e-07,-8.5666572804814765e-07,1.0892705787568031e-06,1.0892705787568031e-06,1.0892705787568033e-06,1.0892705787568029e-06,2.3673745755260688e-05,-1.6901840855274575e-06,-1.6901840855274575e-06,-1.6901840855274581e-06,-8.3237679028059274e-07,-8.9311463709224403e-09,1.0515650468865895e-06,1.0515650468865895e-06,1.0184087999234541e-06,1.6374507139694095e-06,-3.1120759750416596e-06
S4R1,-1.6840842655562017e-06,-1.6840842655562017e-06,-1.6840842655562026e-06,-1.6840842655562013e-06,-1.6840842655562013e-06,-1.0546848556829248e-06,-1.0546848556829248e-06,-1.0546848556829248e-06,-1.0546848556829244e-06,-1.0396885037716486e-06,-6.7241110412615651e-07,-6.7241110412615651e-07,-6.7241110412615672e-07,-6.724111041261563e-07,-1.6901840855274575e-06,9.9813557891882297e-06,9.9813557891882297e-06,9.981355789188233e-06,8.408605615420739e-06,-1.45710295835364e-06,-9.1224990799197449e-07,-9.1224990799197449e-07,-9.1934979090204415e-07,1.477346819273517e-06,-5.9843443498106758e-07
S4R2,-1.6840842655562017e-06,-1.6840842655562017e-06,-1.6840842655562026e-06,-1.6840842655562013e-06,-1.6840842655562013e-06,-1.0546848556829248e-06,-1.0546848556829248e-06,-1.0546848556829248e-06,-1.0546848556829244e-06,-1.0396885037716486e-06,-6.7241110412615651e-07,-6.7241110412615651e-07,-6.7241110412615672e-07,-6.724111041261563e-07,-1.6901840855274575e-06,9.9813557891882297e-06,9.9813557891882297e-06,9.981355789188233e-06,8.408605615420739e-06,-1.45710295835364e-06,-9.1224990799197449e-07,-9.1224990799197449e-07,-9.1934979090204415e-07,1.477346819273517e-06,-5.9843443498106758e-07
S4R3,-1.6840842655562022e-06,-1.6840842655562022e-06,-1.6840842655562026e-06,-1.6840842655562013e-06,-1.6840842655562013e-06,-1.0546848556829252e-06,-1.0546848556829252e-06,-1.054684855682925e-06,-1.0546848556829246e-06,-1.0396885037716488e-06,-6.7241110412615662e-07,-6.7241110412615662e-07,-6.7241110412615683e-07,-6.7241110412615662e-07,-1.6901840855274581e-06,9.981355789188233e-06,9.981355789188233e-06,9.9813557891882364e-06,8.4086056154207407e-06,-1.4571029583536391e-06,-9.1224990799197438e-07,-9.1224990799197438e-07,-9.1934979090204458e-07,1.4773468192735162e-06,-5.9843443498106779e-07
S4R4,-1.0346062616554749e-06,-1.0346062616554749e-06,-1.0346062616554756e-06,-1.0346062616554747e-06,-1.0346062616554747e-06,-1.195585045236799e-06,-1.195585045236799e-06,-1.195585045236799e-06,-1.1955850452367985e-06,-9.6502808313327533e-07,-4.1987032994332401e-07,-4.1987032994332401e-07,-4.1987032994332412e-07,-4.1987032994332412e-07,-8.3237679028059274e-07,8.408605615420739e-06,8.408605615420739e-06,8.4086056154207407e-06,1.1849350449557197e-05,-2.6550963410089607e-06,-1.0981313103414269e-06,-1.0981313103414269e-06,-1.1043181579635269e-06,2.183399317251064e-06,-1.618043967526392e-06
S4R5,-5.85574833414726e-07,-5.85574833414726e-07,-5.8557483341472621e-07,-5.8557483341472578e-07,-5.8557483341472578e-07,4.0373932739230266e-07,4.0373932739230266e-07,4.0373932739230276e-07,4.0373932739230276e-07,1.329440380964418e-07,1.0948235039450067e-07,1.0948235039450067e-07,1.0948235039450094e-07,1.0948235039450109e-07,-8.9311463709224403e-09,-1.45710295835364e-06,-1.45710295835364e-06,-1.4571029583536391e-06,-2.6550963410089607e-06,3.6817072709023037e-05,2.1131852971278116e-07,2.1131852971278116e-07,1.8497075010763101e-07,2.7554861383696559e-07,-1.2593106804706034e-06
S5R1,-9.0338450236444483e-07,-9.0338450236444483e-07,-9.0338450236444483e-07,-9.033845023644444e-07,-9.033845023644444e-07,-8.1139128084256739e-07,-8.1139128084256739e-07,-8.1139128084256749e-07,-8.1139128084256728e-07,-1.2364417686796898e-06,3.5888826989717155e-07,3.5888826989717155e-07,3.5888826989717155e-07,3.5888826989717124e-07,1.0515650468865895e-06,-9.1224990799197449e-07,-9.1224990799197449e-07,-9.1224990799197438e-07,-1.0981313103414269e-06,2.1131852971278116e-07,1.426682557493935e-05,1.426682557493935e-05,1.4174414263931818e-05,-5.1978353025728915e-06,-1.9218309926099702e-06
S5R2,-9.0338450236444483e-07,-9.0338450236444483e-07,-9.0338450236444483e-07,-9.033845023644444e-07,-9.033845023644444e-07,-8.1139128084256739e-07,-8.1139128084256739e-07,-8.1139128084256749e-07,-8.1139128084256728e-07,-1.2364417686796898e-06,3.5888826989717155e-07,3.5888826989717155e-07,3.5888826989717155e-07,3.5888826989717124e-07,1.0515650468865895e-06,-9.1224990799197449e-07,-9.1224990799197449e-07,-9.1224990799197438e-07,-1.0981313103414269e-06,2.1131852971278116e-07,1.426682557493935e-05,1.426682557493935e-05,1.4174414263931818e-05,-5.1978353025728915e-06,-1.9218309926099702e-06
S5R3,-9.4665147266787533e-07,-9.4665147266787533e-07,-9.4665147266787522e-07,-9.4665147266787544e-07,-9.4665147266787544e-07,-8.2947242222075148e-07,-8.2947242222075148e-07,-8.2947242222075169e-07,-8.2947242222075158e-07,-1.2954535383547651e-06,3.0740604575218879e-07,3.0740604575218879e-07,3.0740604575218884e-07,3.0740604575218842e-07,1.0184087999234541e-06,-9.1934979090204415e-07,-9.1934979090204415e-07,-9.1934979090204458e-07,-1.1043181579635269e-06,1.8497075010763101e-07,1.4174414263931818e-05,1.4174414263931818e-05,1.4118590737076847e-05,-5.10381864958344e-06,-1.9769203998099122e-06
S5R4,-7.7467704274305099e-07,-7.7467704274305099e-07,-7.7467704274305109e-07,-7.7467704274305067e-07,-7.7467704274305067e-07,-1.2637062515510754e-06,-1.2637062515510754e-06,-1.263706251551076e-06,-1.2637062515510747e-06,9.4761275676040026e-08,-4.620806349343038e-07,-4.620806349343038e-07,-4.6208063493430364e-07,-4.6208063493430391e-07,1.6374507139694095e-06,1.477346819273517e-06,1.477346819273517e-06,1.4773468192735162e-06,2.183399317251064e-06,2.7554861383696559e-07,-5.1978353025728915e-06,-5.1978353025728915e-06,-5.10381864958344e-06,4.858636133178273e-05,2.6499814358626342e-07
S5R5,2.2743515331964839e-07,2.2743515331964839e-07,2.2743515331964808e-07,2.2743515331964824e-07,2.2743515331964824e-07,3.701608910311017e-07,3.701608910311017e-07,3.7016089103110128e-07,3.7016089103110154e-07,-3.1216856606512832e-07,-4.0640615962743228e-07,-4.0640615962743228e-07,-4.0640615962743228e-07,-4.0640615962743228e-07,-3.1120759750416596e-06,-5.9843443498106758e-07,-5.9843443498106758e-07,-5.9843443498106779e-07,-1.618043967526392e-06,-1.2593106804706034e-06,-1.9218309926099702e-06,-1.9218309926099702e-06,-1.9769203998099122e-06,2.6499814358626342e-07,3.68218048022668e-05
