panel,cell,prior_mean_percent,corrected_mean_percent,prior_ci_low_percent,corrected_ci_low_percent,prior_ci_high_percent,corrected_ci_high_percent,prior_fractional_mass,corrected_fractional_mass,prior_firms,corrected_firms
01_car_0_1_by_scrisk,1,1.1019890604122722,1.1307770851473586,0.8355211075049457,0.854987145559247,1.3684570133195986,1.4065670247354702,2548.8,2389.999999999999,364,361
01_car_0_1_by_scrisk,2,0.4964504666912015,0.4317612089244324,0.2513400594211086,0.1762513659465393,0.7415608739612946,0.6872710519023256,2548.8,2390.0,371,369
01_car_0_1_by_scrisk,3,0.8341626354046869,0.8564069870268902,0.5330978282159157,0.5479439864104239,1.135227442593458,1.1648699876433566,2548.7999999999993,2390.0,369,363
01_car_0_1_by_scrisk,4,0.3090785046730223,0.3139343015404264,0.009090616661897,0.0061313056568827,0.6090663926841476,0.6217372974239699,2548.8,2390.0,371,365
01_car_0_1_by_scrisk,5,-0.4550854324341003,-0.5565299879209563,-0.7519210311803914,-0.8554214664052376,-0.1582498336878093,-0.2576385094366748,2548.8,2390.000000000001,365,360
02_car_0_1_by_resolution,1,0.4318692359731087,0.4068420681193262,0.2767161198089018,0.2454356440301981,0.5870223521373156,0.5682484922084541,2548.8,2390.0,379,378
02_car_0_1_by_resolution,2,0.4318692359731087,0.4068420681193262,0.2767161198089018,0.2454356440301981,0.5870223521373156,0.5682484922084541,2548.8,2390.0,379,378
02_car_0_1_by_resolution,3,0.4254382809027388,0.4016214645143687,0.2716626571854339,0.2415511017852749,0.5792139046200437,0.5616918272434624,2548.8000000000006,2390.0,379,378
02_car_0_1_by_resolution,4,0.4189863077522936,0.4166153990875924,0.2385673060840291,0.2228784247139249,0.5994053094205581,0.6103523734612599,2548.7999999999997,2390.0,379,378
02_car_0_1_by_resolution,5,0.5784321741458325,0.544428594877537,0.3087111109526314,0.2667861767935596,0.8481532373390339,0.8220710129615144,2548.7999999999993,2390.0,379,378
03_car_0_1_heatmap,1,1.1019890604122715,1.1307770851473584,0.8355211075049453,0.8549871455592469,1.368457013319598,1.40656702473547,509.7600000000002,477.99999999999994,364,361
03_car_0_1_heatmap,2,1.1019890604122715,1.1307770851473584,0.8355211075049453,0.8549871455592469,1.368457013319598,1.40656702473547,509.7600000000002,477.99999999999994,364,361
03_car_0_1_heatmap,3,1.1019890604122722,1.1307770851473584,0.8355211075049457,0.8549871455592469,1.3684570133195986,1.40656702473547,509.7600000000002,478.00000000000006,364,361
03_car_0_1_heatmap,4,1.1019890604122724,1.130777085147358,0.8355211075049461,0.8549871455592463,1.368457013319599,1.4065670247354696,509.75999999999976,478.0,364,361
03_car_0_1_heatmap,5,1.1019890604122724,1.130777085147358,0.8355211075049461,0.8549871455592463,1.368457013319599,1.4065670247354696,509.75999999999976,478.0,364,361
03_car_0_1_heatmap,6,0.5190928382870906,0.4582758480762827,0.2764299026744794,0.2038098623029228,0.7617557738997017,0.7127418338496425,509.7600000000001,477.99999999999994,371,369
03_car_0_1_heatmap,7,0.5190928382870906,0.4582758480762827,0.2764299026744794,0.2038098623029228,0.7617557738997017,0.7127418338496425,509.7600000000001,477.99999999999994,371,369
03_car_0_1_heatmap,8,0.5190928382870907,0.4582758480762828,0.2764299026744794,0.2038098623029229,0.7617557738997018,0.7127418338496427,509.7600000000001,478.0,371,369
03_car_0_1_heatmap,9,0.5190928382870907,0.4582758480762828,0.2764299026744795,0.2038098623029229,0.7617557738997018,0.7127418338496427,509.76,477.99999999999994,371,369
03_car_0_1_heatmap,10,0.405880980307645,0.3257026523170312,0.0095431838992698,-0.0797681695488757,0.8022187767160203,0.7311734741829383,509.76,477.99999999999994,371,369
03_car_0_1_heatmap,11,0.8092451111457822,0.8244337079118698,0.4834284205413603,0.4931002167341614,1.135061801750204,1.155767199089578,509.7599999999998,477.99999999999994,368,360
03_car_0_1_heatmap,12,0.8092451111457822,0.8244337079118698,0.4834284205413603,0.4931002167341614,1.135061801750204,1.155767199089578,509.7599999999998,477.99999999999994,368,360
03_car_0_1_heatmap,13,0.8092451111457822,0.8244337079118699,0.4834284205413602,0.4931002167341616,1.1350618017502043,1.1557671990895784,509.76,477.99999999999994,368,360
03_car_0_1_heatmap,14,0.8092451111457821,0.8244337079118699,0.4834284205413602,0.4931002167341616,1.135061801750204,1.1557671990895784,509.7599999999998,477.9999999999998,368,360
03_car_0_1_heatmap,15,0.9338327324403052,0.9843001034869728,0.3873279069501411,0.4146658572234353,1.4803375579304692,1.5539343497505105,509.7599999999997,477.99999999999994,369,363
03_car_0_1_heatmap,16,0.1988694098668095,0.209760448783644,-0.1468232435015651,-0.1467844019109832,0.5445620632351844,0.5663052994782714,509.75999999999993,477.9999999999998,364,357
03_car_0_1_heatmap,17,0.1988694098668095,0.209760448783644,-0.1468232435015651,-0.1467844019109832,0.5445620632351844,0.5663052994782714,509.75999999999993,477.9999999999998,364,357
03_car_0_1_heatmap,18,0.1988694098668094,0.2105224639721068,-0.1468232435015651,-0.1429687431164098,0.5445620632351839,0.5640136710606236,509.7600000000004,477.99999999999994,364,357
03_car_0_1_heatmap,19,0.1627678942653163,0.1952982004313831,-0.2328961421871237,-0.2135502022517476,0.5584319307177564,0.6041466031145138,509.76000000000016,478.0,366,359
03_car_0_1_heatmap,20,0.786016399499367,0.7443299457313541,0.1574070150057855,0.0860564369083317,1.4146257839929486,1.4026034545543766,509.76,477.99999999999994,260,250
03_car_0_1_heatmap,21,-0.4698502398464111,-0.589036749322523,-0.8552518183390457,-0.9834594418714226,-0.0844486613537764,-0.1946140567736233,509.76,478.00000000000006,350,344
03_car_0_1_heatmap,22,-0.4698502398464111,-0.589036749322523,-0.8552518183390457,-0.9834594418714226,-0.0844486613537764,-0.1946140567736233,509.76,478.00000000000006,350,344
03_car_0_1_heatmap,23,-0.50200501519826,-0.6159017825357741,-0.8867091893479762,-1.0108911894067594,-0.1173008410485437,-0.2209123756647887,509.76,478.00000000000006,350,345
03_car_0_1_heatmap,24,-0.4981633653489932,-0.525707846128931,-1.0412305487839493,-1.1214790455228727,0.0449038180859627,0.0700633532650108,509.76,478.00000000000006,354,348
03_car_0_1_heatmap,25,-0.335558301930426,-0.4629668122950307,-1.2208720357767016,-1.3556349657259077,0.5497554319158494,0.4297013411358462,509.76,478.00000000000006,229,225
04_car_2_60_by_scrisk,1,-0.8378012245895617,-0.929163427356759,-1.270486939594814,-1.3665647497913291,-0.4051155095843093,-0.4917621049221889,2548.8,2389.999999999999,364,361
04_car_2_60_by_scrisk,2,-0.4515293095234854,-0.3391578003248874,-0.8333302692417917,-0.7051685942547727,-0.0697283498051791,0.0268529936049977,2548.8,2390.0,371,369
04_car_2_60_by_scrisk,3,-0.4885461217571969,-0.3983034279793845,-0.9833664972742128,-0.9029006878946284,0.0062742537598189,0.1062938319358592,2548.7999999999993,2390.0,369,363
04_car_2_60_by_scrisk,4,-0.0341706769129004,0.0201793528762278,-0.5543158736768791,-0.5155583276915265,0.485974519851078,0.5559170334439824,2548.8,2390.0,371,365
04_car_2_60_by_scrisk,5,-0.1793718977980517,-0.2272362114926997,-0.6948947482656269,-0.7146630170743317,0.3361509526695233,0.2601905940889321,2548.8,2390.000000000001,365,360
05_car_2_60_heatmap,1,-0.8378012245895615,-0.9291634273567588,-1.2704869395948135,-1.3665647497913287,-0.4051155095843093,-0.4917621049221889,509.7600000000002,477.99999999999994,364,361
05_car_2_60_heatmap,2,-0.8378012245895615,-0.9291634273567588,-1.2704869395948135,-1.3665647497913287,-0.4051155095843093,-0.4917621049221889,509.7600000000002,477.99999999999994,364,361
05_car_2_60_heatmap,3,-0.8378012245895617,-0.9291634273567588,-1.270486939594814,-1.3665647497913287,-0.4051155095843093,-0.4917621049221888,509.7600000000002,478.00000000000006,364,361
05_car_2_60_heatmap,4,-0.837801224589562,-0.9291634273567584,-1.2704869395948146,-1.3665647497913282,-0.4051155095843095,-0.4917621049221884,509.75999999999976,478.0,364,361
05_car_2_60_heatmap,5,-0.8378012245895619,-0.9291634273567584,-1.2704869395948144,-1.3665647497913282,-0.4051155095843093,-0.4917621049221884,509.75999999999976,478.0,364,361
05_car_2_60_heatmap,6,-0.4377025403654069,-0.3559022281829714,-0.842626477469023,-0.7466468176986749,-0.0327786032617906,0.0348423613327319,509.7600000000001,477.99999999999994,371,369
05_car_2_60_heatmap,7,-0.4377025403654069,-0.3559022281829714,-0.842626477469023,-0.7466468176986749,-0.0327786032617906,0.0348423613327319,509.7600000000001,477.99999999999994,371,369
05_car_2_60_heatmap,8,-0.437702540365407,-0.3559022281829715,-0.8426264774690233,-0.7466468176986749,-0.0327786032617906,0.0348423613327319,509.7600000000001,478.0,371,369
05_car_2_60_heatmap,9,-0.4377025403654067,-0.3559022281829715,-0.842626477469023,-0.746646817698675,-0.0327786032617905,0.0348423613327318,509.76,477.99999999999994,371,369
05_car_2_60_heatmap,10,-0.5068363861557992,-0.2721800888925513,-1.0553498985199936,-0.8196583114619814,0.041677126208395,0.2752981336768788,509.76,477.99999999999994,371,369
05_car_2_60_heatmap,11,-0.5697494230862574,-0.4231720430232834,-1.1210208464323128,-0.987084322429644,-0.018477999740202,0.1407402363830769,509.7599999999998,477.99999999999994,368,360
05_car_2_60_heatmap,12,-0.5697494230862574,-0.4231720430232834,-1.1210208464323128,-0.987084322429644,-0.018477999740202,0.1407402363830769,509.7599999999998,477.99999999999994,368,360
05_car_2_60_heatmap,13,-0.5697494230862574,-0.4231720430232834,-1.1210208464323128,-0.987084322429644,-0.018477999740202,0.140740236383077,509.76,477.99999999999994,368,360
05_car_2_60_heatmap,14,-0.5697494230862574,-0.4231720430232835,-1.1210208464323128,-0.9870843224296442,-0.0184779997402021,0.140740236383077,509.7599999999998,477.9999999999998,368,360
05_car_2_60_heatmap,15,-0.1637329164409552,-0.2988289678037885,-1.1205132957268789,-1.2833722021663927,0.793047462844968,0.6857142665588157,509.7599999999997,477.99999999999994,369,363
05_car_2_60_heatmap,16,0.0142103289971703,0.076596462828873,-0.6070781172322568,-0.5609921825699135,0.6354987752265975,0.7141851082276596,509.75999999999993,477.9999999999998,364,357
05_car_2_60_heatmap,17,0.0142103289971703,0.076596462828873,-0.6070781172322568,-0.5609921825699135,0.6354987752265975,0.7141851082276596,509.75999999999993,477.9999999999998,364,357
05_car_2_60_heatmap,18,0.0142103289971703,0.0677013469912776,-0.6070781172322564,-0.5695222190105453,0.6354987752265971,0.7049249129931007,509.7600000000004,477.99999999999994,364,357
05_car_2_60_heatmap,19,-0.0730561297383618,0.0200375754126366,-0.7499768703842478,-0.67183149873167,0.6038646109075243,0.7119066495569432,509.76000000000016,478.0,366,359
05_car_2_60_heatmap,20,-0.1404282418176522,-0.140035083680521,-1.3352602774170967,-1.398379670650865,1.0544037937817925,1.1183095032898231,509.76,477.99999999999994,260,250
05_car_2_60_heatmap,21,-0.109244351006036,-0.1277601483702921,-0.852127428265454,-0.8641267317105704,0.633638726253382,0.6086064349699861,509.76,478.00000000000006,350,344
05_car_2_60_heatmap,22,-0.109244351006036,-0.1277601483702921,-0.852127428265454,-0.8641267317105704,0.633638726253382,0.6086064349699861,509.76,478.00000000000006,350,344
05_car_2_60_heatmap,23,-0.0840071726726805,-0.0972343171101581,-0.8230208294982166,-0.8289675188392218,0.6550064841528555,0.6344988846189054,509.76,478.00000000000006,350,345
05_car_2_60_heatmap,24,-0.1951527676764585,-0.107415803138078,-1.5660246010652037,-1.518822899556325,1.1757190657122862,1.3039912932801692,509.76,478.00000000000006,354,348
05_car_2_60_heatmap,25,-0.3992108466290475,-0.6760106404746788,-1.5948828127257877,-1.8762649585468711,0.7964611194676923,0.5242436775975137,509.76,478.00000000000006,229,225
