path,rows_preserved,rows_reconciled,sha256
data/final/hardware_portfolio_us400_2010_2019_v1/prepared_calls.csv,12832,12832,6144bad649cf826cb1839f217eb47bc391e188f414f7b092175f64b45ee0e0ef
data/final/hardware_portfolio_us400_2010_2019_v1/prepared_enriched_calls.csv,12832,12832,60970c72a1bb635551f6271b5b097b7af07e8fc7ab31b7a2b83d7cd85c36d41a
data/final/hardware_portfolio_us400_2010_2019_v1/prepared_pilot_calls.csv,12812,12812,a212c56ac25c6b4bdbff3355af6adf59135d70e00a2a8b443cc1454c85076c54
data/final/hardware_portfolio_us400_2010_2019_v1/transcript_references.csv,12812,12811,6c4e31dc77583459483e2e6bccb765b3cfb0d8b2ad86435533e02034d2f53d96
data/final/hardware_portfolio_us400_2010_2019_v1/validated_transcript_references.csv,12832,12832,fbb7002970dd21e58c3a48ea46567fdd8b024c849062601366179fbd1f55829a
artifacts/hardware_portfolio_us400_2010_2019_v1/final_company_manifest.csv,400,400,1f448da4263eaaeb17d5449bf4e5c83cf4cea8d30cab659be2c4269b46aabac5
artifacts/hardware_portfolio_us400_2010_2019_v1/pair_manifest.csv,16000,12811,df7d1f468ffa793018b5ad2fb801d148f3c7e2142f1cbcbf4adf93959673108b
artifacts/hardware_portfolio_us400_2010_2019_v1/pair_manifest_reviewed.csv,16000,12811,4b0cf0cf4a371d234ce65e42dbe7b2345e6635b24afa71a69b7acd8004f7441f
artifacts/hardware_portfolio_us400_2010_2019_v1/final_pair_manifest.csv,16000,12832,dd69127952d75cfa77e65132e7e54685f1d4bc6749ee6dcbcd758e040f377af0
data/final/hardware_portfolio_2010_2019_v1/prepared_calls.csv,6076,5962,e77d6a73c7cf3a473f642cc4fef2eb56fdec9954e0a7326264001671736f4665
data/final/hardware_portfolio_2010_2019_v1/prepared_pilot_calls.csv,6039,5925,ed2a259da470b3d3d3879c210544aeda28f7e36fa36ee3dff86d72ad45dd50cb
data/final/hardware_portfolio_2010_2019_v1/transcript_references.csv,6039,5925,e74ae546018ab29fdd99b18d3a81de6b3b8567b19611f1a7263cd50ab5f41777
artifacts/hardware_portfolio_2010_2019_v1/final_company_manifest.csv,184,184,b557424771c575c69bd3ea02f49d6200514ecc71a4c08caf2023540ea3388b1f
artifacts/hardware_portfolio_2010_2019_v1/pair_manifest.csv,7360,5925,e6cab02c28aeb60ce5209c9a2de4bad22feb4e6f621c1d67939e09afcdfb8d4b
artifacts/hardware_portfolio_2010_2019_v1/pair_manifest_reviewed.csv,7360,5925,24086592bf237f0ab2c892c7fd8acdcea3cddf76d5dc8c377b0cd4c47a4a29db
artifacts/hardware_portfolio_2010_2019_v1/final_pair_manifest.csv,7360,5962,c36bf184d6ba719e3ea1395cdae946c760ee79d2ce787097dec3f1e7026b0e26
