fiscal_year,provider_labeled_input_calls,mapped_calls,mapped_firms,retained_calls,retained_firms,unresolved_provider_labeled_calls,retained_scrisk_zero,retained_resolution_zero,retained_scrisk_zero_share,retained_resolution_zero_share
2010,714,357,124,355,123,357,88,295,0.24788732394366197,0.8309859154929577
2011,761,669,259,663,257,92,137,523,0.2066365007541478,0.7888386123680241
2012,1246,1194,327,1189,326,54,265,990,0.22287636669470143,0.832632464255677
2013,1353,1311,342,1308,341,40,363,1093,0.2775229357798165,0.8356269113149847
2014,1447,1401,362,1397,361,46,426,1192,0.3049391553328561,0.8532569792412312
2015,1451,1401,363,1397,362,50,418,1201,0.2992125984251969,0.8596993557623479
2016,1430,1362,353,1360,353,68,459,1159,0.3375,0.8522058823529411
2017,1461,1411,363,1411,363,50,425,1195,0.30120481927710846,0.8469170800850461
2018,1485,1439,367,1437,367,46,390,1160,0.27139874739039666,0.8072372999304106
2019,1484,1437,369,1433,368,47,355,1154,0.2477320307048151,0.8053035589672016
