SCRisk_quintile,Resolution_quintile,effective_n,contributing_calls,firms,mean,se_firm_clustered,ci_low,ci_high,zero_scrisk_weight,zero_resolution_weight,sic_divisions,mean_percent,se_firm_clustered_percent,ci_low_percent,ci_high_percent
1,1,2101.3200000000,21027,1940,-0.0051328593,0.0010792728,-0.0072495162,-0.0030162023,2101.3200000000,2101.3200000000,9,-0.5132859261,0.1079272753,-0.7249516235,-0.3016202287
1,2,2101.3200000000,21027,1940,-0.0051328593,0.0010792728,-0.0072495162,-0.0030162023,2101.3200000000,2101.3200000000,9,-0.5132859261,0.1079272753,-0.7249516235,-0.3016202287
1,3,2101.3200000000,21027,1940,-0.0051328593,0.0010792728,-0.0072495162,-0.0030162023,2101.3200000000,2101.3200000000,9,-0.5132859261,0.1079272753,-0.7249516235,-0.3016202287
1,4,2101.3200000000,21027,1940,-0.0051328593,0.0010792728,-0.0072495162,-0.0030162023,2101.3200000000,2101.3200000000,9,-0.5132859261,0.1079272753,-0.7249516235,-0.3016202287
1,5,2101.3200000000,21027,1940,-0.0051328593,0.0010792728,-0.0072495162,-0.0030162023,2101.3200000000,2101.3200000000,9,-0.5132859261,0.1079272753,-0.7249516235,-0.3016202287
2,1,2101.3200000000,22461,1951,-0.0055124148,0.0009793644,-0.0074331259,-0.0035917037,1806.0372101147,2101.3200000000,9,-0.5512414763,0.0979364384,-0.7433125856,-0.3591703670
2,2,2101.3200000000,22461,1951,-0.0055124148,0.0009793644,-0.0074331259,-0.0035917037,1806.0372101147,2101.3200000000,9,-0.5512414763,0.0979364384,-0.7433125856,-0.3591703670
2,3,2101.3200000000,22461,1951,-0.0055124148,0.0009793644,-0.0074331259,-0.0035917037,1806.0372101147,2101.3200000000,9,-0.5512414763,0.0979364384,-0.7433125856,-0.3591703670
2,4,2101.3200000000,22461,1951,-0.0055124148,0.0009793644,-0.0074331259,-0.0035917037,1806.0372101147,2101.3200000000,9,-0.5512414763,0.0979364384,-0.7433125856,-0.3591703670
2,5,2101.3200000000,22586,1952,-0.0042099468,0.0012282354,-0.0066187383,-0.0018011552,1726.0511595411,1976.3200000000,9,-0.4209946795,0.1228235422,-0.6618738341,-0.1801155248
3,1,2101.3200000000,18734,1868,-0.0059637978,0.0013927508,-0.0086953100,-0.0032322856,329.7090746376,2101.3200000000,9,-0.5963797821,0.1392750795,-0.8695310022,-0.3232285620
3,2,2101.3200000000,18734,1868,-0.0059637978,0.0013927508,-0.0086953100,-0.0032322856,329.7090746376,2101.3200000000,9,-0.5963797821,0.1392750795,-0.8695310022,-0.3232285620
3,3,2101.3200000000,18734,1868,-0.0059637978,0.0013927508,-0.0086953100,-0.0032322856,329.7090746376,2101.3200000000,9,-0.5963797821,0.1392750795,-0.8695310022,-0.3232285620
3,4,2101.3200000000,18734,1868,-0.0059637978,0.0013927508,-0.0086953100,-0.0032322856,329.7090746376,2101.3200000000,9,-0.5963797821,0.1392750795,-0.8695310022,-0.3232285620
3,5,2101.3200000000,19771,1880,-0.0019985200,0.0022439370,-0.0063993905,0.0024023505,251.3637014498,1065.1200000000,9,-0.1998520043,0.2243936994,-0.6399390540,0.2402350455
4,1,2101.3200000000,8606,1771,-0.0032403658,0.0016016860,-0.0063817607,-0.0000989709,0.0000000000,2101.3200000000,9,-0.3240365798,0.1601685953,-0.6381760710,-0.0098970886
4,2,2101.3200000000,8606,1771,-0.0032403658,0.0016016860,-0.0063817607,-0.0000989709,0.0000000000,2101.3200000000,9,-0.3240365798,0.1601685953,-0.6381760710,-0.0098970886
4,3,2101.3200000000,8606,1771,-0.0032403658,0.0016016860,-0.0063817607,-0.0000989709,0.0000000000,2101.3200000000,9,-0.3240365798,0.1601685953,-0.6381760710,-0.0098970886
4,4,2101.3200000000,8645,1773,-0.0029754877,0.0015797240,-0.0060738061,0.0001228307,0.0000000000,2062.7200000000,9,-0.2975487714,0.1579723985,-0.6073806111,0.0122830684
4,5,2101.3200000000,5590,1356,0.0003656808,0.0031338130,-0.0057819712,0.0065133327,0.0000000000,234.1200000000,9,0.0365680751,0.3133812976,-0.5781971172,0.6513332674
5,1,2101.3200000000,7169,1609,0.0004886000,0.0018419422,-0.0031242599,0.0041014598,0.0000000000,2101.3200000000,9,0.0488599958,0.1841942223,-0.3124259877,0.4101459793
5,2,2101.3200000000,7169,1609,0.0004886000,0.0018419422,-0.0031242599,0.0041014598,0.0000000000,2101.3200000000,9,0.0488599958,0.1841942223,-0.3124259877,0.4101459793
5,3,2101.3200000000,7169,1609,0.0004886000,0.0018419422,-0.0031242599,0.0041014598,0.0000000000,2101.3200000000,9,0.0488599958,0.1841942223,-0.3124259877,0.4101459793
5,4,2101.3200000000,8415,1656,-0.0023835239,0.0027226350,-0.0077236959,0.0029566482,0.0000000000,859.0000000000,9,-0.2383523885,0.2722635040,-0.7723695929,0.2956648159
5,5,2101.3200000000,2112,932,-0.0012862782,0.0033712174,-0.0079023441,0.0053297877,0.0000000000,0.6400000000,9,-0.1286278229,0.3371217435,-0.7902344137,0.5329787679
