industry,Q1_percent,Q2_percent,Q3_percent,Q4_percent,Q5_percent,max_minus_min_percent
Aerospace & Defense,3.018,2.814,4.427,4.123,3.318,1.613
Airlines,1.258,0.302,0.402,0.302,0.201,1.057
Apparel Manufacturing,0.553,0.854,0.956,0.654,1.006,0.453
Apparel Retail,1.157,1.005,1.107,0.905,1.86,0.955
Asset Management,1.459,2.613,1.258,1.508,0.402,2.211
Auto Manufacturers,0.252,0.503,0.402,0.402,0.955,0.703
Auto Parts,0.503,1.005,0.755,0.855,1.609,1.106
Banks - Diversified,3.32,1.809,3.068,1.81,0.352,2.968
Banks - Regional,2.062,2.513,1.761,0.754,0.553,1.96
Beverages - Non-Alcoholic,1.006,0.905,0.905,0.603,0.302,0.704
Building Products & Equipment,0.956,0.905,1.408,1.659,0.955,0.754
Business Equipment & Supplies,0.352,0.151,0.201,0.201,0.452,0.301
Capital Markets,0.553,0.452,0.252,0.101,0.0,0.553
Communication Equipment,0.503,1.357,1.911,1.76,2.313,1.81
Computer Hardware,0.352,1.206,1.056,0.905,3.067,2.715
Confectioners,0.453,0.352,0.252,0.201,0.101,0.352
Conglomerates,1.006,0.503,0.755,0.603,0.905,0.503
Consumer Electronics,0.453,0.402,0.604,0.704,0.905,0.503
Credit Services,0.956,0.553,0.503,0.151,0.0,0.956
Diagnostics & Research,2.062,1.005,0.553,0.804,0.603,1.509
Discount Stores,1.207,0.553,0.855,0.905,0.855,0.654
Drug Manufacturers - General,3.924,1.709,1.308,0.804,0.654,3.27
Drug Manufacturers - Specialty & Generic,0.503,0.151,0.151,0.302,0.302,0.352
Electronic Components,0.956,2.06,1.911,3.821,6.838,5.882
Electronics & Computer Distribution,0.402,0.302,0.553,1.659,1.81,1.508
Farm & Heavy Construction Machinery,0.755,0.704,1.408,1.458,1.961,1.257
Farm Products,0.654,1.005,0.755,0.905,0.503,0.502
Food Distribution,0.352,0.302,0.453,0.251,0.0,0.453
Footwear & Accessories,0.805,0.804,1.056,0.804,0.855,0.252
"Furnishings, Fixtures & Appliances",0.151,0.302,0.402,0.402,0.905,0.754
Grocery Stores,0.553,0.151,0.252,0.151,0.151,0.402
Healthcare Plans,2.314,0.854,0.905,0.352,0.05,2.264
Home Improvement Retail,0.704,0.653,0.352,0.704,0.352,0.352
Household & Personal Products,1.911,2.462,1.761,2.061,3.922,2.161
Industrial Distribution,0.252,0.402,0.402,0.704,0.654,0.452
Information Technology Services,1.71,1.357,0.956,1.006,0.452,1.258
Insurance - Diversified,0.503,0.553,0.654,0.704,0.151,0.553
Insurance - Life,2.012,1.407,0.755,0.201,0.05,1.962
Insurance - Property & Casualty,2.062,3.166,2.918,2.061,0.704,2.462
Insurance Brokers,0.855,0.754,1.107,2.011,2.262,1.508
Integrated Freight & Logistics,0.956,0.553,0.654,0.503,0.402,0.554
Leisure,0.805,0.603,0.755,0.804,0.754,0.202
Marine Shipping,0.252,0.452,0.201,0.251,0.503,0.302
Medical Care Facilities,0.805,1.206,0.704,0.955,0.05,1.156
Medical Devices,2.465,1.508,1.509,1.659,1.609,0.957
Medical Distribution,0.352,0.603,0.503,0.654,0.855,0.503
Medical Instruments & Supplies,2.515,2.362,2.716,2.715,2.162,0.554
Oil & Gas Drilling,2.062,1.558,1.509,1.207,0.201,1.861
Oil & Gas E&P,5.03,3.467,3.37,1.709,0.101,4.929
Oil & Gas Equipment & Services,2.012,2.362,1.861,2.061,1.056,1.306
Oil & Gas Integrated,2.163,2.111,1.811,0.905,0.302,1.861
Oil & Gas Midstream,1.811,2.111,1.459,1.408,0.101,2.01
Oil & Gas Refining & Marketing,0.755,1.508,1.207,1.257,0.855,0.753
Packaged Foods,2.062,2.312,2.515,2.514,3.519,1.457
Packaging & Containers,2.163,1.508,1.207,1.508,2.313,1.106
Personal Services,0.654,0.603,0.654,0.151,0.0,0.654
REIT - Healthcare Facilities,1.006,0.653,0.252,0.201,0.0,1.006
REIT - Industrial,0.956,1.106,0.654,0.503,0.151,0.955
REIT - Mortgage,0.402,0.854,0.503,0.503,0.05,0.804
REIT - Office,2.113,1.106,1.006,0.151,0.101,2.012
REIT - Residential,2.113,2.412,2.465,1.458,0.302,2.163
REIT - Retail,3.27,3.166,1.911,0.905,0.302,2.968
REIT - Specialty,0.704,0.754,0.604,0.603,0.503,0.251
Railroads,1.107,1.558,1.056,1.156,1.106,0.502
Recreational Vehicles,0.805,0.854,1.006,1.86,2.313,1.508
Rental & Leasing Services,0.352,0.402,0.604,0.654,0.704,0.352
Residential Construction,1.358,1.156,1.157,1.76,1.307,0.604
Restaurants,0.503,0.603,0.654,0.101,0.402,0.553
Scientific & Technical Instruments,0.503,0.854,0.755,0.955,1.709,1.206
Semiconductor Equipment & Materials,1.911,4.472,6.489,10.106,10.659,8.748
Semiconductors,4.376,7.035,9.457,12.217,15.535,11.159
Software - Application,2.465,2.864,2.163,1.307,0.855,2.009
Software - Infrastructure,0.654,0.704,1.006,0.603,0.452,0.554
Specialty Business Services,0.151,1.106,0.553,0.503,0.352,0.955
Specialty Industrial Machinery,1.761,1.558,2.213,2.464,3.821,2.263
Specialty Retail,1.308,0.452,0.704,0.503,0.352,0.956
Textile Manufacturing,0.151,0.402,0.302,0.402,0.452,0.301
Tobacco,0.352,0.251,0.402,0.553,0.503,0.302
