industry,quintile,events,min_scrisk,max_scrisk,mean_car_0_1_bp,median_car_0_1_bp
Aerospace & Defense,1,71,0.105315934375,0.223819817995,75.69,101.79
Aerospace & Defense,2,70,0.223918332514,0.409600956273,18.26,40.28
Aerospace & Defense,3,71,0.412498924107,0.630475136716,10.61,-64.83
Aerospace & Defense,4,70,0.634722161085,1.15702903213,52.0,18.98
Aerospace & Defense,5,70,1.15806908245,7.33315564148,4.25,43.2
Airlines,1,10,0.0801886349132,0.120085956086,-168.3,-154.3
Airlines,2,10,0.121404375575,0.145951052937,46.49,80.81
Airlines,3,10,0.148314579954,0.249938087717,-4.99,14.64
Airlines,4,10,0.335842453222,0.626649610495,-135.07,-0.37
Airlines,5,9,0.648441336182,2.12059439547,105.18,70.51
Apparel Manufacturing,1,16,0.099764545235,0.220739303405,-1.8,-74.99
Apparel Manufacturing,2,16,0.233979343747,0.398275909512,98.02,130.88
Apparel Manufacturing,3,16,0.427127370021,0.607915383339,43.26,208.56
Apparel Manufacturing,4,16,0.638120989008,1.41502264479,170.63,182.28
Apparel Manufacturing,5,16,1.42647916947,7.0725617188,-120.6,-347.74
Apparel Retail,1,24,0.11067801444,0.195685942539,-215.95,-140.5
Apparel Retail,2,24,0.202458315778,0.447062689991,11.49,-6.65
Apparel Retail,3,24,0.456226660501,0.746548030275,114.65,262.94
Apparel Retail,4,24,0.765332933614,1.60702569817,-117.57,-10.02
Apparel Retail,5,24,1.66892425367,9.4273129555,-282.34,-86.86
Asset Management,1,29,0.0864350508883,0.19120616643,-79.55,-50.08
Asset Management,2,29,0.197613682477,0.265872659477,-12.64,-55.16
Asset Management,3,29,0.267465725314,0.393525513534,-72.68,-59.0
Asset Management,4,29,0.429120466521,0.690382264821,-39.71,-16.9
Asset Management,5,28,0.698879618269,2.26198110994,-60.69,-91.09
Auto Manufacturers,1,10,0.104657089542,0.268100799474,-347.07,-221.92
Auto Manufacturers,2,10,0.272888574072,0.398166063516,-277.04,-165.5
Auto Manufacturers,3,10,0.440259723572,1.12828158204,-281.68,-140.69
Auto Manufacturers,4,10,1.1634017711,2.00634669497,-94.91,-38.63
Auto Manufacturers,5,10,2.46122557093,12.5427741688,-421.75,-325.84
Auto Parts,1,19,0.121851023799,0.275103118339,17.58,45.92
Auto Parts,2,19,0.276138980455,0.435639321713,-161.03,-438.25
Auto Parts,3,19,0.453025796198,0.879911501448,64.68,95.16
Auto Parts,4,19,0.903493658528,1.50988955987,214.16,220.29
Auto Parts,5,18,1.66564265096,7.48941752178,-196.8,64.12
Banks - Diversified,1,42,0.0815650453725,0.150342836303,-67.72,-137.5
Banks - Diversified,2,41,0.151811830186,0.249625757662,-34.3,-57.2
Banks - Diversified,3,41,0.249921859838,0.437173919796,-30.2,-0.05
Banks - Diversified,4,41,0.439910310449,0.61728381444,-26.44,8.4
Banks - Diversified,5,41,0.62930325581,2.14902196814,50.99,70.55
Banks - Regional,1,31,0.114658051178,0.172998966312,-17.42,12.14
Banks - Regional,2,30,0.173593064658,0.258955474258,-13.9,-32.72
Banks - Regional,3,31,0.26157585078,0.351571463326,19.95,36.19
Banks - Regional,4,30,0.35189974529,0.530788358563,129.71,57.35
Banks - Regional,5,30,0.533232330551,3.41737131261,58.48,-5.55
Beverages - Non-Alcoholic,1,15,0.10904007085,0.171100651239,96.76,104.72
Beverages - Non-Alcoholic,2,15,0.171787753743,0.269475437323,-100.23,14.55
Beverages - Non-Alcoholic,3,15,0.278679481115,0.434161210282,36.9,13.08
Beverages - Non-Alcoholic,4,15,0.451474769477,0.656942486797,96.18,105.09
Beverages - Non-Alcoholic,5,14,0.658117467411,2.45556239993,7.12,86.44
Building Products & Equipment,1,24,0.125097027414,0.236112909434,169.5,17.13
Building Products & Equipment,2,23,0.246367433881,0.430171181813,47.93,87.45
Building Products & Equipment,3,24,0.436194130382,0.641318591167,193.44,132.85
Building Products & Equipment,4,23,0.641399545148,0.978454924494,76.58,142.37
Building Products & Equipment,5,23,0.993104051028,14.2327065599,33.28,201.23
Business Equipment & Supplies,1,6,0.114865058482,0.169793771999,575.12,468.65
Business Equipment & Supplies,2,5,0.178278223283,0.351012996407,-572.39,-547.72
Business Equipment & Supplies,3,6,0.437464426191,1.1277986867,-274.16,-299.85
Business Equipment & Supplies,4,5,1.13419040281,1.42772216752,-688.41,-803.76
Business Equipment & Supplies,5,5,1.60696264935,15.9921876718,-254.03,-308.15
Capital Markets,1,6,0.135642919782,0.160572753391,81.37,161.03
Capital Markets,2,5,0.160869856407,0.189579270566,170.76,-33.67
Capital Markets,3,6,0.220333872911,0.296581372636,-71.52,-178.83
Capital Markets,4,5,0.310192316409,0.377907912197,138.86,406.0
Capital Markets,5,5,0.384403395493,0.837008924298,97.24,42.7
Communication Equipment,1,32,0.119577467154,0.325177306368,100.97,3.8
Communication Equipment,2,31,0.333936907721,0.518893344402,130.81,267.14
Communication Equipment,3,31,0.524667503358,0.893129922681,219.2,342.67
Communication Equipment,4,31,0.896579073993,1.67431798993,196.84,368.36
Communication Equipment,5,31,1.70033537269,8.39321838795,-41.24,-67.75
Computer Hardware,1,27,0.124646321422,0.324998875328,-194.48,-174.73
Computer Hardware,2,26,0.329533367734,0.65842579947,199.08,36.17
Computer Hardware,3,26,0.672919382145,1.56148183752,-27.47,-78.85
Computer Hardware,4,26,1.58381200181,3.16635510173,151.93,45.36
Computer Hardware,5,26,3.51152728989,15.373758145,105.65,-40.02
Confectioners,1,6,0.0957327991668,0.129358001137,-79.9,-209.37
Confectioners,2,5,0.140876674754,0.205949971452,119.11,-49.74
Confectioners,3,6,0.256725175771,0.352225758553,183.82,168.72
Confectioners,4,5,0.354504371202,0.704782598195,81.9,-294.25
Confectioners,5,5,0.790047637509,2.50075465822,193.55,194.96
Conglomerates,1,15,0.0900162195995,0.153947860303,20.1,147.2
Conglomerates,2,15,0.164123693743,0.320772065178,14.85,31.44
Conglomerates,3,15,0.352812843294,0.582415541012,-26.29,3.34
Conglomerates,4,15,0.677165217721,1.34933104667,-253.93,-141.36
Conglomerates,5,15,1.39401729863,9.21500893523,74.63,47.98
Consumer Electronics,1,13,0.117031013894,0.236673954058,62.42,125.49
Consumer Electronics,2,12,0.252263341756,0.564343689743,288.19,338.35
Consumer Electronics,3,12,0.574276520991,0.859522901544,-138.75,-158.71
Consumer Electronics,4,12,0.88529049855,1.64136122648,189.33,169.25
Consumer Electronics,5,12,1.78245157596,5.55753913456,230.0,119.11
Credit Services,1,9,0.114352056896,0.159962913729,-49.42,-221.16
Credit Services,2,9,0.160781684623,0.191657663984,209.05,294.65
Credit Services,3,8,0.194317509375,0.269780619811,-261.16,-350.19
Credit Services,4,9,0.272040854695,0.397420721805,-25.06,-110.0
Credit Services,5,8,0.404746498518,1.02710099337,305.82,-66.75
Diagnostics & Research,1,20,0.090859945882,0.146821554314,3.48,9.74
Diagnostics & Research,2,20,0.152193767483,0.191361578705,172.31,227.99
Diagnostics & Research,3,20,0.192723761345,0.337346046675,-86.98,-134.48
Diagnostics & Research,4,20,0.350757373397,0.823645784678,-45.83,-106.64
Diagnostics & Research,5,20,0.84741138831,6.3133981735,65.06,106.67
Discount Stores,1,18,0.0969306365942,0.15915469296,99.7,86.55
Discount Stores,2,17,0.160584577982,0.323217760812,159.23,109.43
Discount Stores,3,18,0.358725173712,0.637945992153,195.45,245.3
Discount Stores,4,17,0.677721315994,1.20659780073,205.2,75.46
Discount Stores,5,17,1.28604018251,4.31596403601,-348.75,-259.82
Drug Manufacturers - General,1,34,0.0756818242744,0.132702066176,-65.32,-177.17
Drug Manufacturers - General,2,33,0.132743595006,0.165439088586,-73.25,-68.89
Drug Manufacturers - General,3,34,0.167452196049,0.289394151754,-125.3,-143.71
Drug Manufacturers - General,4,33,0.291047476369,0.526228310122,61.5,8.67
Drug Manufacturers - General,5,33,0.539133769194,4.05458319638,48.9,81.35
Drug Manufacturers - Specialty & Generic,1,6,0.104095805285,0.159599096299,98.54,123.66
Drug Manufacturers - Specialty & Generic,2,6,0.164635000105,0.315899241149,164.79,382.57
Drug Manufacturers - Specialty & Generic,3,5,0.333110208976,0.709705887177,-58.48,156.85
Drug Manufacturers - Specialty & Generic,4,6,0.757209484978,1.5270539223,-190.73,145.53
Drug Manufacturers - Specialty & Generic,5,5,1.58570737014,18.050431063,-759.4,-785.73
Electronic Components,1,62,0.115531350877,0.359790998864,202.12,221.77
Electronic Components,2,62,0.364149445491,0.723421278063,111.6,68.43
Electronic Components,3,62,0.747122222908,1.32422025329,110.45,139.77
Electronic Components,4,62,1.33190272937,2.49518576189,91.91,-33.49
Electronic Components,5,62,2.53902783917,32.6128638606,89.35,59.86
Electronics & Computer Distribution,1,19,0.139993132278,0.439920216727,127.72,-1.56
Electronics & Computer Distribution,2,19,0.4640823156,0.849323429295,60.88,22.86
Electronics & Computer Distribution,3,19,0.855675146161,1.16304643422,-20.41,-82.0
Electronics & Computer Distribution,4,19,1.18847461278,2.05934114054,-49.46,3.68
Electronics & Computer Distribution,5,18,2.11389745934,6.31602333283,-8.74,-4.33
Farm & Heavy Construction Machinery,1,25,0.124451076672,0.295610679155,139.61,243.43
Farm & Heavy Construction Machinery,2,25,0.317656749309,0.524335148099,7.47,126.77
Farm & Heavy Construction Machinery,3,25,0.539099779689,0.935707201716,-9.45,-77.97
Farm & Heavy Construction Machinery,4,25,0.987887847148,1.85815231633,38.52,-16.59
Farm & Heavy Construction Machinery,5,25,1.86596198004,7.10523326513,-20.93,-81.52
Farm Products,1,16,0.100634527348,0.210725535906,-350.78,-266.55
Farm Products,2,15,0.222436114487,0.32864618356,229.39,202.6
Farm Products,3,15,0.333964530842,0.521302674608,-191.37,-104.61
Farm Products,4,15,0.536157699336,0.862594377664,296.53,341.01
Farm Products,5,15,0.882238557673,3.8321072268,10.88,136.19
Food Distribution,1,6,0.11745728888,0.164254291203,208.97,150.2
Food Distribution,2,5,0.166910592551,0.297796619287,-13.98,-51.51
Food Distribution,3,6,0.311353982072,0.406797578747,-23.39,0.3
Food Distribution,4,5,0.424421458315,0.493410677967,-42.42,45.84
Food Distribution,5,5,0.625585019898,1.06694251033,-220.32,-81.2
Footwear & Accessories,1,18,0.0946154934999,0.204819581504,54.99,164.03
Footwear & Accessories,2,17,0.222656336098,0.417607950989,185.3,326.95
Footwear & Accessories,3,17,0.419113616804,0.594268902493,216.68,-39.59
Footwear & Accessories,4,17,0.602617338304,1.17908321029,-65.28,98.24
Footwear & Accessories,5,17,1.21710553961,6.03135543959,-15.15,-117.3
"Furnishings, Fixtures & Appliances",1,9,0.130187983083,0.336972486762,202.6,381.22
"Furnishings, Fixtures & Appliances",2,9,0.357668175898,0.628927095951,-124.17,73.17
"Furnishings, Fixtures & Appliances",3,8,0.638534335367,1.39934686832,-307.58,-544.53
"Furnishings, Fixtures & Appliances",4,9,1.45855820967,2.47217640884,48.26,-75.8
"Furnishings, Fixtures & Appliances",5,8,3.13103002321,11.1438410312,-238.17,-286.61
Grocery Stores,1,5,0.123711044496,0.154292044817,94.66,190.73
Grocery Stores,2,5,0.156362406635,0.187144799859,-429.14,-613.9
Grocery Stores,3,5,0.191586449179,0.375700727954,116.54,211.88
Grocery Stores,4,5,0.397508940773,0.721515581775,280.25,7.27
Grocery Stores,5,5,0.734559244292,1.78801026683,-353.41,-361.06
Healthcare Plans,1,18,0.0868650258337,0.122540717323,166.47,213.23
Healthcare Plans,2,18,0.122665575727,0.158732835297,56.73,181.43
Healthcare Plans,3,18,0.160955728657,0.232557831164,48.06,104.27
Healthcare Plans,4,18,0.236482282737,0.419497524708,-35.64,-20.93
Healthcare Plans,5,17,0.419820023447,1.32233723448,39.57,10.15
Home Improvement Retail,1,11,0.118300152038,0.168979651469,-84.55,39.94
Home Improvement Retail,2,11,0.179831362752,0.28899510448,30.73,-31.11
Home Improvement Retail,3,11,0.290315515731,0.515187024511,188.23,126.37
Home Improvement Retail,4,11,0.559449014045,0.869834537685,-126.56,-43.83
Home Improvement Retail,5,11,1.00974666311,3.97630770799,-34.01,-58.68
Household & Personal Products,1,49,0.102771186376,0.218866979502,5.46,-2.14
Household & Personal Products,2,48,0.219318466722,0.419579067089,83.92,-34.96
Household & Personal Products,3,48,0.421622754829,0.871463365208,23.12,-6.16
Household & Personal Products,4,48,0.875724998684,2.1837838757,155.1,101.69
Household & Personal Products,5,48,2.23668126374,17.4669741522,-50.78,-13.5
Industrial Distribution,1,10,0.142714208059,0.288354619779,-230.91,-321.46
Industrial Distribution,2,10,0.288576781222,0.544687548702,109.41,-20.57
Industrial Distribution,3,9,0.552053922393,0.68254369377,-118.56,-20.41
Industrial Distribution,4,10,0.760592735991,1.64614781114,270.27,347.16
Industrial Distribution,5,9,1.81981911039,5.10889646668,169.49,4.33
Information Technology Services,1,22,0.107126139199,0.154277135342,-49.99,-52.73
Information Technology Services,2,22,0.155395929417,0.257596574896,-7.94,-63.09
Information Technology Services,3,22,0.26344052235,0.412174773261,-69.96,246.71
Information Technology Services,4,22,0.420837337909,0.753880311552,-257.5,-146.55
Information Technology Services,5,21,0.778716027802,3.93670904363,-178.55,-20.77
Insurance - Diversified,1,11,0.0734027685258,0.204795856876,-68.67,105.39
Insurance - Diversified,2,10,0.253388531259,0.346426516353,-31.84,185.7
Insurance - Diversified,3,10,0.353249651644,0.417591981822,-130.91,-96.08
Insurance - Diversified,4,10,0.505051391198,0.700276603111,-67.05,-113.16
Insurance - Diversified,5,10,0.739980143038,1.43976861138,89.23,170.43
Insurance - Life,1,18,0.102780670177,0.137148253407,53.29,87.43
Insurance - Life,2,18,0.14084922577,0.174953989552,90.28,84.89
Insurance - Life,3,17,0.176083725917,0.232792524122,-60.77,-92.05
Insurance - Life,4,18,0.236179306916,0.371029048098,54.63,148.1
Insurance - Life,5,17,0.371977088354,1.26080128407,-45.4,127.97
Insurance - Property & Casualty,1,44,0.0853865048013,0.197531783966,-33.46,0.79
Insurance - Property & Casualty,2,43,0.198073337863,0.282491691048,30.03,46.19
Insurance - Property & Casualty,3,44,0.284774339714,0.429202768471,105.59,131.71
Insurance - Property & Casualty,4,43,0.436935288694,0.706129267444,25.09,-15.84
Insurance - Property & Casualty,5,43,0.725249237309,6.77866715118,32.73,-33.04
Insurance Brokers,1,28,0.112277133958,0.288873651851,32.87,-17.25
Insurance Brokers,2,28,0.292223048587,0.624299346917,68.22,46.11
Insurance Brokers,3,28,0.634305574539,1.07848859639,43.26,-16.44
Insurance Brokers,4,28,1.09816217744,1.66805159873,40.82,-2.21
Insurance Brokers,5,27,1.71682568769,10.6627859705,-95.21,-142.93
Integrated Freight & Logistics,1,13,0.105411978978,0.147019960413,-135.04,-285.14
Integrated Freight & Logistics,2,12,0.161629002019,0.290779557787,-69.03,-332.75
Integrated Freight & Logistics,3,12,0.292242018689,0.450828150681,-735.46,-502.9
Integrated Freight & Logistics,4,12,0.451639403952,0.848138328924,-56.15,-26.33
Integrated Freight & Logistics,5,12,0.907524571593,4.07672720779,108.61,23.29
Leisure,1,15,0.0881000459868,0.156633604305,156.91,61.4
Leisure,2,15,0.184844116168,0.377101322328,-50.33,-19.22
Leisure,3,15,0.380324581021,0.639894885435,47.13,173.17
Leisure,4,15,0.652699429978,1.27322807764,-9.47,-375.56
Leisure,5,14,1.52434896253,11.5723050972,326.97,306.67
Marine Shipping,1,7,0.116854701361,0.236721002574,79.71,379.62
Marine Shipping,2,7,0.24776148829,0.344272135026,-119.69,-150.23
Marine Shipping,3,6,0.384252423834,1.0171050714,-80.47,422.24
Marine Shipping,4,7,1.02666051336,1.73239046277,-191.22,-333.64
Marine Shipping,5,6,2.015509568,6.47149989472,311.41,282.71
Medical Care Facilities,1,15,0.126606718565,0.18693165243,213.62,199.47
Medical Care Facilities,2,15,0.190606779086,0.258118077833,-18.97,59.51
Medical Care Facilities,3,15,0.263579897795,0.425984653417,-318.87,-389.48
Medical Care Facilities,4,15,0.431275438473,0.676594666986,-198.82,-80.53
Medical Care Facilities,5,14,0.695861780939,1.97818806804,32.51,30.8
Medical Devices,1,35,0.0821899471937,0.170173713309,106.88,142.45
Medical Devices,2,35,0.1726957093,0.267134301716,17.35,6.58
Medical Devices,3,35,0.270733453619,0.571350335987,72.86,51.32
Medical Devices,4,35,0.579938432795,1.0736155621,71.02,95.88
Medical Devices,5,34,1.14102125951,6.40853651826,38.33,-100.81
Medical Distribution,1,12,0.10073073615,0.247259058209,-116.27,65.37
Medical Distribution,2,12,0.249171408814,0.454099622788,-194.91,-131.59
Medical Distribution,3,12,0.466249625078,0.889472086057,-134.36,-385.07
Medical Distribution,4,12,0.952251869473,1.5598297342,-500.0,216.14
Medical Distribution,5,11,1.57658478261,3.95335480247,41.0,91.77
Medical Instruments & Supplies,1,50,0.0938953324969,0.193874933413,-124.53,-138.37
Medical Instruments & Supplies,2,50,0.195051970803,0.363142749362,185.52,39.52
Medical Instruments & Supplies,3,49,0.363828528191,0.601275176217,239.55,383.07
Medical Instruments & Supplies,4,50,0.602361643772,1.07896758649,-32.64,-75.04
Medical Instruments & Supplies,5,49,1.13859975658,4.21997912343,-326.6,-83.73
Oil & Gas Drilling,1,26,0.102637351015,0.172530132709,125.78,98.83
Oil & Gas Drilling,2,26,0.175869644561,0.263652950637,85.97,123.72
Oil & Gas Drilling,3,26,0.270658981554,0.387696538693,51.13,-88.11
Oil & Gas Drilling,4,26,0.392391624426,0.616970537878,18.64,48.87
Oil & Gas Drilling,5,26,0.620015228891,2.78533377221,80.02,8.29
Oil & Gas E&P,1,55,0.0999355326871,0.148145417438,15.27,-16.88
Oil & Gas E&P,2,54,0.148681901599,0.206564476251,4.89,-114.77
Oil & Gas E&P,3,55,0.206906922881,0.321706556765,-6.81,22.22
Oil & Gas E&P,4,54,0.323917666946,0.541106533284,32.96,-31.89
Oil & Gas E&P,5,54,0.546851791589,3.91657007822,72.61,118.42
Oil & Gas Equipment & Services,1,38,0.093521033261,0.192942315357,5.69,29.1
Oil & Gas Equipment & Services,2,37,0.193874278775,0.264448206389,-99.43,-110.97
Oil & Gas Equipment & Services,3,37,0.264933076588,0.507651364227,-100.67,-35.79
Oil & Gas Equipment & Services,4,37,0.520013795481,0.879906593161,100.01,143.47
Oil & Gas Equipment & Services,5,37,0.885588840735,4.82373850491,-17.87,-71.44
Oil & Gas Integrated,1,29,0.0880924583229,0.160335663528,-57.87,-22.27
Oil & Gas Integrated,2,29,0.16097079894,0.23450424152,-77.57,9.83
Oil & Gas Integrated,3,29,0.250785737208,0.361334590213,76.31,82.07
Oil & Gas Integrated,4,29,0.363652624741,0.570679521979,-20.69,-79.56
Oil & Gas Integrated,5,29,0.570780336306,2.13158446238,34.81,84.79
Oil & Gas Midstream,1,28,0.0864755811414,0.158682648301,5.03,72.97
Oil & Gas Midstream,2,27,0.160830525498,0.268431050061,-87.19,-98.03
Oil & Gas Midstream,3,28,0.269292096346,0.394098419675,-19.47,-36.6
Oil & Gas Midstream,4,27,0.399429027559,0.617293090953,-82.78,-13.35
Oil & Gas Midstream,5,27,0.637642204145,1.63345478259,36.88,56.79
Oil & Gas Refining & Marketing,1,23,0.12223602238,0.238879294529,36.23,9.7
Oil & Gas Refining & Marketing,2,22,0.242725516498,0.350535806288,-47.94,-202.94
Oil & Gas Refining & Marketing,3,22,0.353667840688,0.551610994354,-67.79,-162.41
Oil & Gas Refining & Marketing,4,22,0.55505610659,1.05305222404,-31.42,-24.46
Oil & Gas Refining & Marketing,5,22,1.06355439402,9.62976768706,-181.46,-311.12
Packaged Foods,1,52,0.0907316631939,0.238439768929,-11.36,-33.13
Packaged Foods,2,51,0.243592604667,0.417670341206,37.25,0.01
Packaged Foods,3,52,0.418618008316,0.73800506705,-49.11,-78.74
Packaged Foods,4,51,0.750933812108,1.56685455795,29.84,-42.91
Packaged Foods,5,51,1.58807766713,15.8707320523,45.15,-53.45
Packaging & Containers,1,35,0.102991051866,0.18165658033,97.37,63.88
Packaging & Containers,2,35,0.183113040136,0.333446517238,-28.2,11.61
Packaging & Containers,3,34,0.340588096573,0.662115247522,-20.66,-92.19
Packaging & Containers,4,35,0.663243400599,1.51957145169,33.07,-4.86
Packaging & Containers,5,34,1.53586495373,9.1694274159,68.67,74.68
Personal Services,1,9,0.0430004474978,0.156489021811,-60.39,-154.17
Personal Services,2,8,0.158661457084,0.217786100041,-16.51,-62.87
Personal Services,3,8,0.232199011187,0.339341493682,229.03,144.47
Personal Services,4,8,0.368467452708,0.495098509409,462.23,483.33
Personal Services,5,8,0.510011773642,1.00401189002,-122.53,-53.22
REIT - Healthcare Facilities,1,9,0.103661410915,0.14812009182,-91.25,-258.87
REIT - Healthcare Facilities,2,8,0.155486986563,0.179965749123,68.62,132.97
REIT - Healthcare Facilities,3,9,0.189625328046,0.243133939039,-357.67,-156.16
REIT - Healthcare Facilities,4,8,0.270639632836,0.394605049482,-88.15,-153.14
REIT - Healthcare Facilities,5,8,0.446936282001,0.91144554229,213.31,184.65
REIT - Industrial,1,14,0.116677678219,0.175978623784,14.4,-12.03
REIT - Industrial,2,13,0.177511670726,0.213352890878,-18.85,40.66
REIT - Industrial,3,14,0.220174619895,0.349189221776,52.31,-26.15
REIT - Industrial,4,13,0.361757017121,0.594328775698,-31.74,-4.72
REIT - Industrial,5,13,0.60704882176,2.93007386963,27.75,19.76
REIT - Mortgage,1,10,0.125316797559,0.20382302031,15.74,19.87
REIT - Mortgage,2,9,0.235716965695,0.286825508687,249.03,151.84
REIT - Mortgage,3,9,0.287765692787,0.418065989098,-138.86,-37.79
REIT - Mortgage,4,9,0.428542373168,0.6194833868,-71.95,-17.91
REIT - Mortgage,5,9,0.624585560867,1.97058009409,-11.47,232.05
REIT - Office,1,18,0.0933221832114,0.148233507539,132.24,151.41
REIT - Office,2,18,0.148661664367,0.178829119253,106.67,2.18
REIT - Office,3,18,0.180088111868,0.288895738257,-87.64,-120.14
REIT - Office,4,18,0.303951648287,0.426111766355,-9.14,-36.79
REIT - Office,5,17,0.437991525343,1.77633037071,-58.19,-88.44
REIT - Residential,1,35,0.0988258818848,0.173449694106,52.55,5.44
REIT - Residential,2,35,0.174721281706,0.268694521136,89.5,104.93
REIT - Residential,3,35,0.279960981132,0.400376996826,-58.63,-27.54
REIT - Residential,4,35,0.401365375993,0.608883636776,-37.45,-29.53
REIT - Residential,5,34,0.613231447895,3.49860324613,1.05,67.63
REIT - Retail,1,38,0.0999109845972,0.151517906318,59.19,44.17
REIT - Retail,2,38,0.153308346899,0.205364553683,30.13,44.69
REIT - Retail,3,38,0.209835181359,0.301218469817,-74.5,-108.59
REIT - Retail,4,38,0.301266517893,0.490620911273,45.01,55.9
REIT - Retail,5,38,0.492988003811,3.68386064532,61.98,44.12
REIT - Specialty,1,13,0.108527855262,0.187801224963,-30.79,-32.94
REIT - Specialty,2,13,0.188733672898,0.322568366941,-175.01,-133.01
REIT - Specialty,3,12,0.327608456162,0.53962840771,-102.73,66.61
REIT - Specialty,4,13,0.548196101696,0.8624888307,-2.92,52.99
REIT - Specialty,5,12,1.18503110905,5.31802016718,-107.83,-164.81
Railroads,1,24,0.0899598060215,0.204739896693,-46.66,-69.02
Railroads,2,24,0.220114926799,0.312995648248,9.29,-59.06
Railroads,3,24,0.327802430011,0.545525673353,139.0,127.23
Railroads,4,24,0.565664068291,1.15886522709,-11.34,44.05
Railroads,5,23,1.15921500492,14.9348012789,19.88,105.44
Recreational Vehicles,1,28,0.107813821389,0.286092127947,79.9,-63.62
Recreational Vehicles,2,27,0.298922212807,0.642150379668,-11.75,-91.43
Recreational Vehicles,3,27,0.645549012426,0.994780247459,-92.86,-154.81
Recreational Vehicles,4,27,1.00992526589,2.06216269988,106.06,21.92
Recreational Vehicles,5,27,2.10889361911,11.8719438112,57.43,148.16
Rental & Leasing Services,1,11,0.14643208034,0.264933076588,84.32,180.55
Rental & Leasing Services,2,11,0.282436473751,0.527127173738,29.56,-21.05
Rental & Leasing Services,3,11,0.536010043292,0.870909292919,-444.38,-360.63
Rental & Leasing Services,4,11,0.882964334498,1.71969116272,-205.88,-258.74
Rental & Leasing Services,5,10,1.80543624141,8.16759300289,290.62,172.1
Residential Construction,1,27,0.105223954852,0.188763693806,37.56,-62.64
Residential Construction,2,27,0.204492640774,0.38272315741,244.54,397.62
Residential Construction,3,27,0.397683937616,0.635095079741,39.51,15.01
Residential Construction,4,27,0.644202526301,1.1387746779,-111.97,-81.0
Residential Construction,5,26,1.25829176067,14.9719471406,173.21,141.98
Restaurants,1,9,0.110301413508,0.166028380985,-27.15,17.72
Restaurants,2,9,0.18581929738,0.302788549186,-307.18,-218.19
Restaurants,3,9,0.312327748994,0.401701494239,77.69,-24.48
Restaurants,4,9,0.402043683837,0.607885990623,-114.52,-21.44
Restaurants,5,9,1.02200240079,3.44998233401,-73.24,46.25
Scientific & Technical Instruments,1,19,0.125495473486,0.240880672555,118.87,187.04
Scientific & Technical Instruments,2,19,0.276650392439,0.547811828527,672.3,329.4
Scientific & Technical Instruments,3,19,0.571536291358,0.930490546368,-17.83,26.72
Scientific & Technical Instruments,4,19,0.951349730876,1.93447551365,-195.13,118.98
Scientific & Technical Instruments,5,19,1.97354614188,10.8243394915,286.97,444.82
Semiconductor Equipment & Materials,1,134,0.101979801328,0.363599647637,68.53,88.6
Semiconductor Equipment & Materials,2,134,0.366926823374,0.641017705491,15.72,5.47
Semiconductor Equipment & Materials,3,134,0.641769931028,0.973914627916,-15.06,-46.53
Semiconductor Equipment & Materials,4,134,0.979022183523,1.88432581271,106.29,-20.25
Semiconductor Equipment & Materials,5,133,1.89132734741,10.8338134308,-42.6,39.22
Semiconductors,1,194,0.119589464827,0.304455330744,62.83,91.34
Semiconductors,2,193,0.304905043197,0.554752367434,97.88,151.83
Semiconductors,3,194,0.55482112308,0.983080934564,93.17,51.5
Semiconductors,4,193,0.983102525143,1.7275048232,44.25,-26.05
Semiconductors,5,193,1.74445109179,18.5421807711,110.34,67.88
Software - Application,1,39,0.0793984715905,0.174763404188,-62.57,3.47
Software - Application,2,38,0.177826818273,0.258672574241,195.81,221.46
Software - Application,3,39,0.261244801973,0.391747198688,252.07,125.29
Software - Application,4,38,0.39904584361,0.658936609183,136.3,143.39
Software - Application,5,38,0.659263792393,5.27774005378,-69.19,-11.44
Software - Infrastructure,1,14,0.111479283586,0.197046911184,-45.59,-178.55
Software - Infrastructure,2,14,0.207547400131,0.352942110335,300.52,290.75
Software - Infrastructure,3,13,0.360830315822,0.486022536061,225.94,251.99
Software - Infrastructure,4,14,0.488157094497,1.06402430023,-183.58,-58.01
Software - Infrastructure,5,13,1.07149148263,2.3470578381,-151.44,-41.92
Specialty Business Services,1,11,0.146852355216,0.260116111559,-13.76,159.49
Specialty Business Services,2,11,0.266349308702,0.323688395992,-218.82,-283.49
Specialty Business Services,3,10,0.327846457158,0.464964325857,-209.33,-98.27
Specialty Business Services,4,11,0.465061152144,0.984481580439,-117.5,-137.46
Specialty Business Services,5,10,1.07878762078,9.91393088785,-167.31,-41.08
Specialty Industrial Machinery,1,47,0.0861815944428,0.229820348745,34.88,6.98
Specialty Industrial Machinery,2,47,0.230086783393,0.488983079428,15.04,47.84
Specialty Industrial Machinery,3,47,0.489562934003,0.9819269778,-43.83,-48.08
Specialty Industrial Machinery,4,47,0.986691335895,2.10742585159,-66.84,-101.53
Specialty Industrial Machinery,5,47,2.10773906447,9.39726520355,69.7,75.32
Specialty Retail,1,14,0.0708471811753,0.1548708467,-201.86,-278.2
Specialty Retail,2,13,0.155398891976,0.203528697696,-107.29,-342.81
Specialty Retail,3,13,0.217154343209,0.385161478279,36.11,-42.93
Specialty Retail,4,13,0.391849491447,0.722352107837,48.21,72.76
Specialty Retail,5,13,0.78466087343,3.95331065814,306.69,321.26
Textile Manufacturing,1,7,0.159837028193,0.260806241661,-161.33,-161.31
Textile Manufacturing,2,7,0.26503026407,0.365716274288,91.12,139.99
Textile Manufacturing,3,7,0.380554257133,0.766752454078,114.63,-28.86
Textile Manufacturing,4,7,0.82379988581,1.35522568726,83.24,-102.14
Textile Manufacturing,5,6,1.76409561347,6.21721399845,95.44,142.29
Tobacco,1,9,0.134601304118,0.207249713097,-110.98,-90.99
Tobacco,2,8,0.241449631666,0.432618263386,-387.15,-258.99
Tobacco,3,8,0.461496326959,0.788725436523,-177.94,-265.75
Tobacco,4,8,0.830790617784,1.24291803905,-142.85,-91.17
Tobacco,5,8,1.35803101477,5.12681394737,502.56,265.64
