sector,Q1_percent,Q2_percent,Q3_percent,Q4_percent,Q5_percent,max_minus_min_percent
Consumer Goods,8.845,8.863,8.863,8.863,8.88,0.035
Energy,9.877,9.847,9.897,9.847,9.867,0.05
Financial Services,10.909,10.931,10.931,10.931,10.903,0.028
Healthcare,9.238,9.257,9.257,9.257,9.225,0.032
Industrials,13.808,13.836,13.786,13.836,13.814,0.05
Real Estate,7.027,6.992,6.992,6.992,7.005,0.035
Retail,12.138,12.112,12.112,12.112,12.136,0.026
Semiconductors,16.118,16.1,16.1,16.1,16.132,0.032
Technology,12.039,12.063,12.063,12.063,12.037,0.026
