sector,quintile,events,min_scrisk,max_scrisk,mean_car_0_1_bp,median_car_0_1_bp
Consumer Goods,1,180,0.0907316631939,0.194485418588,-68.73,-89.44
Consumer Goods,2,180,0.19453805166,0.358725173712,36.73,24.1
Consumer Goods,3,180,0.360259386745,0.654774618475,57.0,-1.76
Consumer Goods,4,180,0.656023938006,1.3574435086,48.75,32.22
Consumer Goods,5,180,1.35803101477,17.4669741522,23.15,-10.29
Energy,1,201,0.0864755811414,0.168880902257,6.51,2.52
Energy,2,200,0.169019183496,0.260209796454,-23.44,-47.05
Energy,3,201,0.261056007174,0.394098419675,-1.09,-30.91
Energy,4,200,0.394518379111,0.659448134788,-1.5,-2.57
Energy,5,200,0.664531240903,9.62976768706,32.33,28.38
Financial Services,1,222,0.0734027685258,0.173124630747,2.7,44.72
Financial Services,2,222,0.173234024663,0.270219215151,-26.5,-31.28
Financial Services,3,222,0.271108268255,0.422313621617,-5.03,11.55
Financial Services,4,222,0.422745757668,0.728416663386,16.14,13.66
Financial Services,5,221,0.729199622064,10.6627859705,34.55,-5.32
Healthcare,1,188,0.0756818242744,0.15627784985,24.5,58.21
Healthcare,2,188,0.15657420241,0.247259058209,-12.44,-18.05
Healthcare,3,188,0.248101820005,0.45301312065,38.8,5.38
Healthcare,4,188,0.453845735994,0.941272736958,20.84,2.8
Healthcare,5,187,0.947598906558,18.050431063,-121.71,11.14
Industrials,1,281,0.0801886349132,0.209018515798,62.15,71.03
Industrials,2,281,0.209435454798,0.403202180827,-23.31,31.44
Industrials,3,280,0.403732739309,0.664669277113,-31.69,-63.39
Industrials,4,281,0.665464384269,1.3784416238,-8.43,-30.34
Industrials,5,280,1.37979821906,15.9921876718,-10.28,-1.57
Real Estate,1,143,0.0933221832114,0.16366341149,55.45,53.4
Real Estate,2,142,0.163863491066,0.229101791614,14.95,6.29
Real Estate,3,142,0.229484100647,0.343543746959,-37.4,-39.2
Real Estate,4,142,0.345403972059,0.529294253287,-3.43,0.37
Real Estate,5,142,0.534547971654,5.31802016718,8.08,25.42
Retail,1,247,0.0430004474978,0.198699807441,-18.07,2.32
Retail,2,246,0.199578038634,0.377101322328,42.57,25.37
Retail,3,246,0.378456471503,0.661756354344,25.21,-2.63
Retail,4,246,0.662115247522,1.44464885283,-2.9,-26.68
Retail,5,246,1.45326785184,14.9719471406,-17.58,-26.61
Semiconductors,1,328,0.101979801328,0.324599971592,42.96,81.47
Semiconductors,2,327,0.324958768294,0.581077077631,88.98,88.02
Semiconductors,3,327,0.582758668472,0.979022183523,44.83,-2.66
Semiconductors,4,327,0.979402394743,1.79421978441,77.48,3.28
Semiconductors,5,327,1.79483272627,18.5421807711,41.75,39.22
Technology,1,245,0.0793984715905,0.252220350175,61.05,38.21
Technology,2,245,0.252263341756,0.459815945702,195.01,130.1
Technology,3,245,0.462900512268,0.845367851227,50.15,58.11
Technology,4,245,0.845720370324,1.84019585833,-14.67,19.19
Technology,5,244,1.84594024273,32.6128638606,126.61,45.31
