industry,positive_calls,q1_events,q5_events,q1_mean_car_bp,q5_mean_car_bp,q5_minus_q1_mean_bp,q5_minus_q1_ci_low_bp,q5_minus_q1_ci_high_bp,welch_p,q5_minus_q1_median_bp,direction
Tobacco,41,9,8,-110.98,502.56,613.55,116.68,1110.42,0.0367,356.63,positive
Specialty Retail,66,14,13,-201.86,306.69,508.55,-160.92,1178.02,0.1526,599.45,positive
Industrial Distribution,48,10,9,-230.91,169.49,400.39,-61.34,862.13,0.1076,325.78,positive
Farm Products,76,16,15,-350.78,10.88,361.67,-78.03,801.36,0.1191,402.74,positive
Credit Services,43,9,8,-49.42,305.82,355.24,-600.63,1311.12,0.4825,154.41,positive
REIT - Healthcare Facilities,42,9,8,-91.25,213.31,304.56,35.77,573.35,0.0422,443.52,positive
Computer Hardware,131,27,26,-194.48,105.65,300.12,-216.73,816.97,0.2605,134.71,positive
Airlines,49,10,9,-168.3,105.18,273.48,-121.63,668.59,0.1931,224.81,positive
Confectioners,27,6,5,-79.9,193.55,273.45,-156.36,703.26,0.2662,404.33,positive
Textile Manufacturing,34,7,6,-161.33,95.44,256.77,-176.18,689.71,0.2726,303.61,positive
Integrated Freight & Logistics,61,13,12,-135.04,108.61,243.65,-628.92,1116.23,0.5902,308.43,positive
Marine Shipping,33,7,6,79.71,311.41,231.7,-589.38,1052.77,0.5917,-96.92,positive
Rental & Leasing Services,54,11,10,84.32,290.62,206.3,-556.37,968.97,0.6023,-8.45,positive
Leisure,74,15,14,156.91,326.97,170.05,-458.19,798.29,0.6001,245.27,positive
Scientific & Technical Instruments,95,19,19,118.87,286.97,168.1,-320.52,656.72,0.505,257.77,positive
Consumer Electronics,61,13,12,62.42,230.0,167.58,-130.38,465.54,0.2821,-6.38,positive
Insurance - Diversified,51,11,10,-68.67,89.23,157.9,-259.98,575.78,0.4683,65.03,positive
Medical Distribution,59,12,11,-116.27,41.0,157.27,-505.99,820.53,0.6469,26.39,positive
Residential Construction,134,27,26,37.56,173.21,135.65,-228.24,499.53,0.4687,204.62,positive
Banks - Diversified,206,42,41,-67.72,50.99,118.71,-16.82,254.23,0.0899,208.05,positive
Drug Manufacturers - General,167,34,33,-65.32,48.9,114.23,-51.66,280.11,0.1818,258.52,positive
Oil & Gas Integrated,145,29,29,-57.87,34.81,92.67,-93.99,279.33,0.3351,107.06,positive
Banks - Regional,152,31,30,-17.42,58.48,75.9,-88.68,240.48,0.37,-17.69,positive
Railroads,119,24,23,-46.66,19.88,66.54,-170.47,303.54,0.5849,174.46,positive
Insurance - Property & Casualty,217,44,43,-33.46,32.73,66.19,-87.24,219.63,0.4002,-33.82,positive
Diagnostics & Research,100,20,20,3.48,65.06,61.57,-151.14,274.28,0.5739,96.93,positive
Oil & Gas E&P,272,55,54,15.27,72.61,57.34,-159.84,274.51,0.6059,135.3,positive
Packaged Foods,257,52,51,-11.36,45.15,56.51,-210.69,323.71,0.6794,-20.32,positive
Conglomerates,75,15,15,20.1,74.63,54.54,-271.32,380.39,0.7455,-99.23,positive
Home Improvement Retail,55,11,11,-84.55,-34.01,50.53,-296.98,398.05,0.7794,-98.62,positive
Semiconductors,967,194,193,62.83,110.34,47.51,-100.07,195.1,0.5284,-23.46,positive
Specialty Industrial Machinery,235,47,47,34.88,69.7,34.82,-149.3,218.94,0.7118,68.35,positive
Oil & Gas Midstream,137,28,27,5.03,36.88,31.85,-110.4,174.1,0.6627,-16.17,positive
Asset Management,144,29,28,-79.55,-60.69,18.86,-199.27,236.98,0.8661,-41.01,positive
Capital Markets,27,6,5,81.37,97.24,15.86,-433.19,464.91,0.947,-118.33,positive
REIT - Industrial,67,14,13,14.4,27.75,13.34,-175.64,202.32,0.891,31.79,positive
REIT - Retail,190,38,38,59.19,61.98,2.78,-137.12,142.69,0.969,-0.05,positive
Software - Application,192,39,38,-62.57,-69.19,-6.62,-258.92,245.68,0.9591,-14.9,negative
Recreational Vehicles,136,28,27,79.9,57.43,-22.47,-467.88,422.95,0.9216,211.79,negative
Oil & Gas Equipment & Services,186,38,37,5.69,-17.87,-23.56,-329.57,282.46,0.8806,-100.54,negative
REIT - Mortgage,46,10,9,15.74,-11.47,-27.21,-425.44,371.02,0.8953,212.18,negative
Packaging & Containers,173,35,34,97.37,68.67,-28.7,-267.25,209.85,0.8143,10.79,negative
Oil & Gas Drilling,130,26,26,125.78,80.02,-45.76,-505.26,413.73,0.846,-90.54,negative
Restaurants,45,9,9,-27.15,-73.24,-46.09,-456.19,364.01,0.8284,28.54,negative
REIT - Residential,174,35,34,52.55,1.05,-51.5,-188.49,85.49,0.4639,62.2,negative
Household & Personal Products,241,49,48,5.46,-50.78,-56.24,-272.61,160.13,0.6118,-11.36,negative
Personal Services,41,9,8,-60.39,-122.53,-62.14,-701.95,577.67,0.8518,100.96,negative
Apparel Retail,120,24,24,-215.95,-282.34,-66.39,-609.81,477.02,0.8118,53.64,negative
Medical Devices,174,35,34,106.88,38.33,-68.55,-357.31,220.2,0.6435,-243.26,negative
Footwear & Accessories,86,18,17,54.99,-15.15,-70.14,-512.4,372.12,0.7583,-281.33,negative
Aerospace & Defense,352,71,70,75.69,4.25,-71.44,-255.9,113.01,0.449,-58.59,negative
Auto Manufacturers,50,10,10,-347.07,-421.75,-74.69,-546.29,396.92,0.7598,-103.92,negative
REIT - Specialty,63,13,12,-30.79,-107.83,-77.04,-293.01,138.93,0.4915,-131.87,negative
Beverages - Non-Alcoholic,74,15,14,96.76,7.12,-89.64,-322.53,143.25,0.4573,-18.27,negative
Insurance - Life,88,18,17,53.29,-45.4,-98.69,-530.51,333.14,0.6595,40.55,negative
Software - Infrastructure,68,14,13,-45.59,-151.44,-105.85,-485.15,273.45,0.59,136.63,negative
Semiconductor Equipment & Materials,669,134,133,68.53,-42.6,-111.12,-336.99,114.75,0.3358,-49.38,negative
Electronic Components,310,62,62,202.12,89.35,-112.77,-490.93,265.39,0.56,-161.91,negative
Apparel Manufacturing,80,16,16,-1.8,-120.6,-118.79,-583.65,346.07,0.6205,-272.76,negative
Healthcare Plans,89,18,17,166.47,39.57,-126.9,-469.93,216.13,0.4754,-203.08,negative
Insurance Brokers,139,28,27,32.87,-95.21,-128.08,-322.2,66.04,0.2028,-125.68,negative
Information Technology Services,109,22,21,-49.99,-178.55,-128.56,-646.99,389.87,0.6295,31.96,negative
Building Products & Equipment,117,24,23,169.5,33.28,-136.22,-535.3,262.85,0.5069,184.1,negative
Electronics & Computer Distribution,94,19,18,127.72,-8.74,-136.46,-424.9,151.98,0.3602,-2.77,negative
Communication Equipment,156,32,31,100.97,-41.24,-142.21,-552.41,267.99,0.4998,-71.54,negative
Specialty Business Services,53,11,10,-13.76,-167.31,-153.55,-668.37,361.28,0.5658,-200.56,negative
Farm & Heavy Construction Machinery,125,25,25,139.61,-20.93,-160.54,-473.3,152.22,0.3198,-324.96,negative
Medical Care Facilities,74,15,14,213.62,32.51,-181.11,-638.55,276.33,0.4452,-168.67,negative
REIT - Office,89,18,17,132.24,-58.19,-190.43,-362.67,-18.2,0.0376,-239.84,negative
Medical Instruments & Supplies,248,50,49,-124.53,-326.6,-202.07,-482.82,78.68,0.1626,54.64,negative
Auto Parts,94,19,18,17.58,-196.8,-214.37,-728.49,299.75,0.4193,18.19,negative
Oil & Gas Refining & Marketing,111,23,22,36.23,-181.46,-217.69,-660.32,224.95,0.3415,-320.83,negative
Food Distribution,27,6,5,208.97,-220.32,-429.29,-858.61,0.02,0.0819,-231.39,negative
"Furnishings, Fixtures & Appliances",43,9,8,202.6,-238.17,-440.77,-1137.33,255.78,0.2342,-667.83,negative
Grocery Stores,25,5,5,94.66,-353.41,-448.07,-856.56,-39.58,0.065,-551.79,negative
Discount Stores,87,18,17,99.7,-348.75,-448.45,-1032.46,135.55,0.1419,-346.37,negative
Business Equipment & Supplies,27,6,5,575.12,-254.03,-829.15,-1586.18,-72.13,0.0628,-776.8,negative
Drug Manufacturers - Specialty & Generic,28,6,5,98.54,-759.4,-857.95,-1900.22,184.32,0.1528,-909.39,negative
