review_id,term,method_label,max_cosine,frequency,document_frequency
R0001,selfmanufacturing,word2vec_skipgram|average,0.603532,53,19
R0002,receiving,ppmi_svd|phrase,0.463182,41453,19450
R0003,vrealize,word2vec_skipgram|phrase,0.486418,40,3
R0004,renting,word2vec_skipgram|phrase,0.498823,1875,1153
R0005,maritime,ppmi_svd|average,0.535744,4540,1043
R0006,executing,ppmi_svd|average,0.449255,13871,8553
R0007,sortation,word2vec_cbow|phrase,0.574814,203,77
R0008,arrearages,ppmi_svd|average,0.431302,1496,493
R0009,manufacturingservice,word2vec_skipgram|average,0.616663,51,13
R0010,offtherun,word2vec_skipgram|average,0.485719,25,12
R0011,endcustomers,word2vec_skipgram|average,0.70526,2980,418
R0011,endcustomers,ppmi_svd|average,0.708158,2980,418
R0012,pluck,word2vec_skipgram|average,0.636982,27,5
R0013,cogmedix,word2vec_skipgram|phrase,0.637893,56,5
R0014,packagers,ppmi_svd|average,0.676739,444,231
R0015,retek,word2vec_cbow|phrase,0.472687,534,30
R0016,transferring,word2vec_cbow|phrase,0.497928,9684,6082
R0017,transportationrelated,word2vec_skipgram|phrase,0.58055,559,344
R0018,seasonality,ppmi_svd|average,0.423875,30459,13702
R0019,holistic,word2vec_cbow|phrase,0.487101,839,531
R0020,electronicselectrical,word2vec_skipgram|phrase,0.565899,43,3
R0021,rationalizing,ppmi_svd|phrase,0.519393,730,528
R0022,ozy,word2vec_skipgram|average,0.543069,60,5
R0023,bankbranding,word2vec_skipgram|phrase,0.575886,212,3
R0024,optblue,word2vec_skipgram|phrase,0.570655,25,2
R0025,producers,word2vec_cbow|average,0.610541,32249,8554
R0025,producers,ppmi_svd|average,0.463519,32249,8554
R0026,lowvolume,word2vec_cbow|phrase,0.568043,469,333
R0027,dispensing,word2vec_cbow|average,0.357281,4566,1552
R0028,referrers,word2vec_skipgram|average,0.633168,25,14
R0029,ebusiness,ppmi_svd|phrase,0.564693,3448,818
R0030,technologyenabled,word2vec_cbow|phrase,0.484767,806,373
R0031,wip,word2vec_skipgram|phrase,0.589334,399,106
R0032,scaleup,word2vec_skipgram|phrase,0.639491,2261,1188
R0032,scaleup,ppmi_svd|phrase,0.605109,2261,1188
R0033,selling,ppmi_svd|average,0.619027,128992,31160
R0034,directtoconsumer,ppmi_svd|average,0.458088,3235,831
R0035,demand,word2vec_skipgram|average,0.616436,314371,38929
R0036,businesstobusiness,ppmi_svd|phrase,0.527343,2978,1383
R0037,nonexclusionary,word2vec_skipgram|average,0.542958,27,27
R0038,quality,word2vec_skipgram|average,0.557941,183280,36529
R0038,quality,word2vec_cbow|average,0.45249,183280,36529
R0039,optimization,word2vec_cbow|average,0.518613,11425,4814
R0040,storage,ppmi_svd|phrase,0.65641,83723,16161
R0041,brokering,ppmi_svd|phrase,0.464217,1096,558
R0041,brokering,ppmi_svd|average,0.464217,1096,558
R0042,disruptions,word2vec_skipgram|phrase,0.585226,38978,15593
R0043,ditan,word2vec_skipgram|average,0.661348,26,4
R0044,centralization,ppmi_svd|phrase,0.628891,1235,784
R0045,dropshipment,word2vec_skipgram|phrase,0.572974,58,31
R0046,analyticsbased,word2vec_skipgram|phrase,0.531637,36,24
R0047,railways,ppmi_svd|average,0.543328,574,318
R0048,warehouse,ppmi_svd|average,0.805302,33216,8931
R0049,nextday,word2vec_cbow|phrase,0.465106,309,144
R0050,procure,word2vec_skipgram|phrase,0.573851,9025,5408
R0051,quimicompuestos,word2vec_skipgram|average,0.565135,30,2
R0052,standardizing,ppmi_svd|phrase,0.575036,660,519
R0053,coriums,word2vec_skipgram|average,0.658108,62,4
R0054,inspecting,ppmi_svd|phrase,0.53987,968,790
R0055,users,word2vec_cbow|phrase,0.668931,63492,15061
R0056,weak,ppmi_svd|average,0.413406,6813,4497
R0057,unloading,ppmi_svd|average,0.568963,1519,810
R0058,administering,word2vec_cbow|phrase,0.412949,8403,5763
R0059,closeout,word2vec_cbow|average,0.501769,1748,723
R0060,prototyping,word2vec_cbow|average,0.589732,1685,892
R0061,packaway,word2vec_cbow|phrase,0.513028,172,14
R0062,assemblers,word2vec_cbow|average,0.594527,772,382
R0062,assemblers,ppmi_svd|average,0.651947,772,382
R0063,issuing,word2vec_cbow|average,0.414784,27840,13929
R0064,distributable,word2vec_cbow|phrase,0.351759,3281,1638
R0065,salesforce,word2vec_cbow|average,0.513364,1462,457
R0066,engineering,word2vec_cbow|average,0.57685,83213,17640
R0067,competition,word2vec_cbow|average,0.401592,227882,41930
R0068,benefitstore,word2vec_skipgram|average,0.657353,55,5
R0069,packing,ppmi_svd|phrase,0.587509,2895,1311
R0070,ordering,word2vec_cbow|average,0.564503,7776,4848
R0071,backroom,word2vec_cbow|phrase,0.558424,168,108
R0072,disposing,ppmi_svd|phrase,0.481031,6885,4590
R0073,acquiring,word2vec_skipgram|phrase,0.591665,55361,23467
R0074,workflow,word2vec_cbow|phrase,0.528886,4820,1803
R0075,also,word2vec_cbow|average,0.385041,2228292,47520
R0076,expediting,ppmi_svd|phrase,0.634446,629,555
R0077,tolls,ppmi_svd|phrase,0.525142,530,233
R0078,processrelated,word2vec_skipgram|average,0.573468,108,100
R0079,optimizes,word2vec_cbow|phrase,0.500016,1055,840
R0080,printing,word2vec_cbow|average,0.458992,17031,5061
R0081,administration,ppmi_svd|average,0.552131,101901,27824
R0082,estore,word2vec_skipgram|phrase,0.564184,134,31
R0083,supplied,ppmi_svd|phrase,0.640868,17296,8939
R0084,securing,word2vec_cbow|phrase,0.418836,19750,11257
R0085,endusers,word2vec_cbow|average,0.769841,13714,4821
R0085,endusers,ppmi_svd|phrase,0.70979,13714,4821
R0085,endusers,ppmi_svd|average,0.704847,13714,4821
R0086,outfront,word2vec_skipgram|average,0.629313,42,5
R0087,riskcontrolled,word2vec_skipgram|phrase,0.55528,46,33
R0088,pointofsale,ppmi_svd|phrase,0.573954,3977,1897
R0089,omnichannel,word2vec_skipgram|phrase,0.576522,1882,419
R0090,firstout,ppmi_svd|phrase,0.718038,1652,1335
R0091,hauling,word2vec_cbow|phrase,0.61254,1699,728
R0092,nonclay,word2vec_cbow|phrase,0.543731,29,7
R0093,prioritization,word2vec_cbow|phrase,0.48515,1234,845
R0094,workstyles,word2vec_skipgram|average,0.625382,32,9
R0095,econnect,word2vec_skipgram|phrase,0.521818,25,9
R0096,feedstock,ppmi_svd|average,0.625231,7899,1142
R0097,colmei,word2vec_skipgram|average,0.556484,25,1
R0098,fulfills,word2vec_cbow|phrase,0.471721,1163,968
R0099,trucking,ppmi_svd|average,0.754813,5696,1768
R0100,boxed,word2vec_cbow|average,0.341994,431,206
R0101,supplier,word2vec_skipgram|average,0.755989,52050,15783
R0101,supplier,word2vec_cbow|phrase,0.701064,52050,15783
R0101,supplier,ppmi_svd|phrase,0.736418,52050,15783
R0102,merchandising,word2vec_skipgram|average,0.562728,13568,3610
R0103,product,word2vec_cbow|average,0.500145,603475,35233
R0104,labor,word2vec_cbow|phrase,0.539035,54188,18007
R0105,vars,word2vec_cbow|phrase,0.779797,2700,726
R0105,vars,ppmi_svd|phrase,0.884439,2700,726
R0106,insuranceunderwriting,word2vec_skipgram|average,0.521147,48,10
R0107,recut,word2vec_skipgram|phrase,0.596404,27,10
R0108,dropship,word2vec_skipgram|average,0.601689,326,123
R0108,dropship,ppmi_svd|average,0.515381,326,123
R0109,securitizing,word2vec_cbow|phrase,0.471532,826,467
R0110,nonspecialized,word2vec_skipgram|average,0.560169,27,24
R0111,reengineering,ppmi_svd|phrase,0.569842,2170,1174
R0112,branded,word2vec_cbow|average,0.477417,18371,5688
R0113,outsourced,word2vec_cbow|phrase,0.493147,11730,5790
R0114,endcustomer,word2vec_cbow|average,0.506082,1143,417
R0115,transporting,ppmi_svd|phrase,0.651885,5499,3157
R0116,landandexpand,word2vec_skipgram|average,0.633952,32,17
R0117,shipping,word2vec_cbow|phrase,0.560537,48268,13380
R0118,ordertaking,word2vec_cbow|phrase,0.5112,106,89
R0119,wholesaling,ppmi_svd|phrase,0.491516,631,353
R0120,channels,ppmi_svd|average,0.631726,36833,10732
R0121,petrochemical,ppmi_svd|average,0.588609,4518,1404
R0122,paperless,ppmi_svd|phrase,0.594977,600,401
R0122,paperless,ppmi_svd|average,0.594977,600,401
R0123,shippers,ppmi_svd|phrase,0.611257,7913,1711
R0124,automation,word2vec_cbow|phrase,0.558698,12079,4428
R0124,automation,ppmi_svd|phrase,0.644932,12079,4428
R0125,fullload,word2vec_skipgram|average,0.573901,30,17
R0126,subcontractors,ppmi_svd|phrase,0.72306,19047,5795
R0127,byom,word2vec_skipgram|phrase,0.507271,40,9
R0128,dsca,word2vec_skipgram|phrase,0.586018,139,44
R0129,infrastructure,word2vec_cbow|phrase,0.5103,95371,21437
R0129,infrastructure,word2vec_cbow|average,0.416265,95371,21437
R0130,edi,ppmi_svd|average,0.545431,2135,624
R0131,centralized,ppmi_svd|phrase,0.574992,14229,7576
R0132,subassembly,word2vec_cbow|average,0.557083,802,514
R0132,subassembly,ppmi_svd|phrase,0.612473,802,514
R0133,warehousingdistribution,word2vec_skipgram|phrase,0.657897,56,25
R0134,outofseason,word2vec_skipgram|average,0.588293,115,82
R0134,outofseason,word2vec_cbow|average,0.51643,115,82
R0135,orderentry,word2vec_skipgram|average,0.548499,73,54
R0136,importing,ppmi_svd|phrase,0.577217,3101,2157
R0137,facilitation,ppmi_svd|phrase,0.538035,1187,790
R0138,storing,ppmi_svd|phrase,0.526708,3956,2700
R0139,reselling,word2vec_cbow|phrase,0.58421,1964,1306
R0140,merchandise,ppmi_svd|average,0.461788,59119,4993
R0141,timecritical,word2vec_cbow|average,0.457217,291,135
R0142,accepting,word2vec_cbow|phrase,0.416442,6212,4382
R0143,installing,ppmi_svd|phrase,0.456849,5341,3426
R0144,conceptualizing,word2vec_skipgram|phrase,0.558353,41,39
R0145,odms,ppmi_svd|average,0.547644,1073,198
R0146,manufacture,ppmi_svd|average,0.609093,127594,17812
R0147,solesourced,word2vec_skipgram|phrase,0.633842,327,200
R0147,solesourced,word2vec_cbow|average,0.544957,327,200
R0148,integratedpv,word2vec_skipgram|phrase,0.549496,38,4
R0149,crossdock,ppmi_svd|phrase,0.614916,298,103
R0150,hsn,ppmi_svd|average,0.458593,1091,79
R0151,streamlines,ppmi_svd|phrase,0.527705,759,575
R0152,usage,word2vec_cbow|average,0.469467,37630,14550
R0153,cellon,word2vec_skipgram|average,0.518338,87,5
R0154,originating,word2vec_cbow|average,0.426196,11397,5571
R0155,multichannel,ppmi_svd|average,0.458869,2992,1311
R0156,omnipods,word2vec_skipgram|phrase,0.61857,84,5
R0157,repackaging,word2vec_cbow|average,0.63551,796,382
R0157,repackaging,ppmi_svd|phrase,0.676869,796,382
R0158,fuel,word2vec_cbow|phrase,0.549704,77192,8569
R0159,multimodal,word2vec_cbow|phrase,0.58726,583,255
R0159,multimodal,ppmi_svd|average,0.52028,583,255
R0160,comail,word2vec_skipgram|average,0.57111,31,9
R0161,serviceproviders,word2vec_skipgram|average,0.568351,25,23
R0162,performanceadjusted,word2vec_skipgram|average,0.522873,64,11
R0163,bestcost,word2vec_skipgram|phrase,0.589471,50,33
R0164,inventories,word2vec_cbow|phrase,0.87231,95646,19124
R0165,transporters,ppmi_svd|phrase,0.586451,1785,1087
R0165,transporters,ppmi_svd|average,0.586451,1785,1087
R0166,obsolescent,word2vec_skipgram|average,0.582317,37,26
R0167,outbound,ppmi_svd|average,0.509475,3006,1366
R0168,tenants,word2vec_cbow|phrase,0.49508,74275,5054
R0169,warehouses,ppmi_svd|average,0.565305,8572,4181
R0170,procuretopay,word2vec_skipgram|average,0.622599,63,30
R0170,procuretopay,word2vec_cbow|phrase,0.519943,63,30
R0171,roasting,ppmi_svd|phrase,0.550266,813,152
R0171,roasting,ppmi_svd|average,0.550266,813,152
R0172,enduser,ppmi_svd|phrase,0.513548,7796,3509
R0173,ntant,word2vec_skipgram|average,0.530857,26,26
R0174,ihvs,word2vec_skipgram|phrase,0.65107,34,11
R0175,demanddriven,word2vec_cbow|average,0.385426,153,104
R0176,subscribers,word2vec_cbow|phrase,0.580992,34770,3539
R0177,demands,word2vec_cbow|average,0.518063,29181,15932
R0178,manufacturers,ppmi_svd|phrase,0.707826,125221,20470
R0179,business,word2vec_cbow|average,0.424239,2664645,46278
R0180,slowmoving,word2vec_skipgram|average,0.661917,1389,808
R0180,slowmoving,word2vec_cbow|average,0.567838,1389,808
R0181,buying,ppmi_svd|phrase,0.785027,14435,7047
R0182,logistical,word2vec_cbow|phrase,0.659192,2448,1698
R0183,quoting,word2vec_cbow|phrase,0.446366,954,536
R0184,wholesaler,ppmi_svd|average,0.474602,3658,1428
R0185,customerback,word2vec_skipgram|average,0.546538,26,4
R0186,advertisers,word2vec_cbow|phrase,0.602082,20277,1710
R0187,factories,word2vec_skipgram|average,0.639494,4579,1872
R0188,fulfilment,word2vec_cbow|phrase,0.619634,194,133
R0189,importation,word2vec_cbow|average,0.350248,5098,2836
R0190,lmps,word2vec_skipgram|phrase,0.4964,30,12
R0191,scarcity,word2vec_cbow|average,0.496974,1214,919
R0192,stocking,word2vec_cbow|phrase,0.560962,1735,986
R0193,nonsaleable,word2vec_skipgram|phrase,0.58106,178,118
R0194,itbased,word2vec_skipgram|phrase,0.483905,29,23
R0195,unsellable,word2vec_skipgram|phrase,0.581523,68,58
R0196,streamline,ppmi_svd|phrase,0.686755,6550,3970
R0197,shrinkage,ppmi_svd|average,0.682819,2702,1171
R0198,overstocks,word2vec_skipgram|phrase,0.630151,107,58
R0198,overstocks,word2vec_cbow|average,0.58631,107,58
R0199,energyonly,word2vec_skipgram|phrase,0.485873,30,20
R0200,tilburg,word2vec_skipgram|average,0.639394,55,37
R0201,dispatching,ppmi_svd|average,0.479548,802,529
R0202,kables,word2vec_skipgram|phrase,0.570311,34,2
R0203,scheduling,word2vec_cbow|phrase,0.606638,8332,4570
R0204,forecasting,ppmi_svd|average,0.479826,6778,4530
R0205,followthrough,word2vec_skipgram|average,0.55427,39,34
R0206,leasing,word2vec_cbow|phrase,0.41855,58964,11759
R0207,assembly,ppmi_svd|average,0.663441,20708,6289
R0208,integrators,word2vec_cbow|average,0.531675,1970,956
R0208,integrators,ppmi_svd|average,0.47967,1970,956
R0209,backstock,word2vec_skipgram|phrase,0.618001,25,21
R0210,prefer,word2vec_cbow|average,0.410594,4916,3886
R0211,unsaleable,word2vec_skipgram|phrase,0.58316,459,257
R0212,planning,ppmi_svd|phrase,0.730293,49913,20234
R0213,noncgmp,word2vec_skipgram|average,0.609478,29,22
R0214,shipfromstore,word2vec_skipgram|average,0.577945,56,29
R0215,navex,word2vec_skipgram|average,0.516218,33,14
R0216,railcar,ppmi_svd|average,0.526134,4144,592
R0217,bottling,ppmi_svd|phrase,0.511509,2353,432
R0218,workinprogress,word2vec_skipgram|average,0.631901,882,559
R0218,workinprogress,ppmi_svd|average,0.785395,882,559
R0219,terminaling,ppmi_svd|average,0.606901,1481,155
R0220,gbas,word2vec_skipgram|average,0.522503,29,1
R0221,essds,word2vec_skipgram|average,0.471074,25,2
R0222,freight,word2vec_skipgram|phrase,0.700822,21545,5410
R0223,subdistributors,word2vec_cbow|phrase,0.557946,380,155
R0223,subdistributors,word2vec_cbow|average,0.359506,380,155
R0223,subdistributors,ppmi_svd|average,0.456441,380,155
R0224,vendor,word2vec_skipgram|average,0.62235,43282,13404
R0225,customerdesigned,word2vec_skipgram|average,0.56661,27,19
R0226,locallysourced,word2vec_skipgram|phrase,0.558826,42,37
R0227,retailer,word2vec_cbow|average,0.467953,13658,4316
R0228,costing,ppmi_svd|phrase,0.546428,1484,1058
R0229,truckload,ppmi_svd|average,0.563754,2105,378
R0230,dissuaded,word2vec_skipgram|phrase,0.503962,45,36
R0231,lessthantruckload,word2vec_cbow|phrase,0.580237,323,144
R0232,utilization,word2vec_cbow|average,0.439067,57955,20959
R0233,revenue,word2vec_skipgram|phrase,0.569182,1091421,41218
R0234,centerled,word2vec_skipgram|phrase,0.579075,41,13
R0235,delivering,word2vec_cbow|average,0.444105,21435,11024
R0236,buy,word2vec_skipgram|phrase,0.575427,29948,14185
R0237,workinprocess,ppmi_svd|phrase,0.806464,2599,1657
R0238,singlesourced,word2vec_cbow|phrase,0.58639,340,237
R0239,isvs,word2vec_cbow|phrase,0.614019,776,169
R0240,kanban,word2vec_skipgram|phrase,0.554511,41,36
R0241,airfreight,word2vec_cbow|phrase,0.521771,711,185
R0242,ecommerce,ppmi_svd|average,0.51616,20992,4615
R0243,mro,word2vec_cbow|average,0.605603,1912,307
R0244,bidding,word2vec_skipgram|phrase,0.543589,4732,2340
R0244,bidding,word2vec_cbow|average,0.435628,4732,2340
R0245,shortages,word2vec_cbow|average,0.481108,16318,9234
R0246,floorready,word2vec_skipgram|phrase,0.614832,26,24
R0247,subsuppliers,word2vec_skipgram|average,0.689985,82,46
R0248,fridges,word2vec_cbow|average,0.485008,39,4
R0249,insourcing,word2vec_cbow|phrase,0.515326,619,319
R0250,willcall,word2vec_skipgram|average,0.58947,30,19
R0251,shorthaul,ppmi_svd|average,0.591319,463,218
R0252,transports,ppmi_svd|average,0.60383,3801,1485
R0253,distributing,ppmi_svd|phrase,0.517299,13902,8058
R0254,privatelabeled,word2vec_cbow|average,0.531625,167,78
R0255,overseeing,ppmi_svd|average,0.413145,11359,7082
R0256,lpg,ppmi_svd|phrase,0.536823,3672,320
R0257,consumers,word2vec_cbow|average,0.702439,91441,18087
R0257,consumers,ppmi_svd|phrase,0.546717,91441,18087
R0258,spending,word2vec_cbow|average,0.39854,44311,16184
R0259,obsolescence,word2vec_cbow|average,0.548815,10377,6123
R0260,multilane,word2vec_cbow|average,0.448814,91,34
R0261,outstripping,word2vec_skipgram|average,0.582851,36,31
R0262,lifo,ppmi_svd|average,0.672078,4396,1647
R0263,resellers,word2vec_skipgram|average,0.633359,18639,3974
R0263,resellers,word2vec_cbow|average,0.634218,18639,3974
R0264,invoicing,ppmi_svd|average,0.650439,3642,2230
R0265,demandgeneration,word2vec_skipgram|average,0.648366,27,22
R0266,linehaul,ppmi_svd|average,0.538232,603,135
R0267,wbad,word2vec_skipgram|phrase,0.578711,43,7
R0268,itsm,word2vec_skipgram|phrase,0.50134,64,18
R0269,onhand,ppmi_svd|average,0.800911,897,627
R0270,shippingreceiving,word2vec_cbow|phrase,0.552049,41,36
R0271,manufacturingwarehouse,word2vec_skipgram|phrase,0.597872,149,60
R0272,fillfinish,word2vec_cbow|phrase,0.588405,503,152
R0272,fillfinish,ppmi_svd|phrase,0.574404,503,152
R0273,feedstuff,word2vec_skipgram|average,0.609368,25,7
R0274,recentralization,word2vec_skipgram|phrase,0.481295,26,26
R0274,recentralization,word2vec_skipgram|average,0.481295,26,26
R0275,buys,word2vec_cbow|average,0.473465,2910,1912
R0276,procuring,word2vec_cbow|average,0.590278,2782,2017
R0277,logistic,word2vec_skipgram|phrase,0.730365,1323,672
R0277,logistic,word2vec_cbow|phrase,0.809041,1323,672
R0277,logistic,ppmi_svd|phrase,0.810199,1323,672
R0277,logistic,ppmi_svd|average,0.810199,1323,672
R0278,scoretracker,word2vec_skipgram|phrase,0.571438,27,6
R0279,routetoconsumer,word2vec_skipgram|average,0.56104,49,7
R0280,billing,ppmi_svd|phrase,0.565364,31027,8612
R0281,timephased,word2vec_cbow|phrase,0.491029,38,22
R0282,delivery,word2vec_cbow|phrase,0.54557,160970,29892
R0283,customersupplier,word2vec_skipgram|phrase,0.618668,80,74
R0284,instore,ppmi_svd|phrase,0.530052,6487,2165
R0285,relationships,ppmi_svd|phrase,0.604475,203610,44691
R0286,barreled,word2vec_skipgram|phrase,0.606836,71,18
R0287,surpluses,ppmi_svd|average,0.412109,399,331
R0288,vendors,word2vec_cbow|phrase,0.858209,90764,21772
R0289,tooling,word2vec_cbow|average,0.515526,7665,2446
R0290,reallocating,ppmi_svd|phrase,0.463101,591,469
R0291,sku,word2vec_cbow|average,0.507113,903,504
R0292,transport,word2vec_skipgram|phrase,0.699599,29743,8722
R0292,transport,word2vec_cbow|average,0.673049,29743,8722
