review_id,term,judgement,note
R0001,selfmanufacturing,relevant,
R0002,receiving,relevant,
R0003,vrealize,not_relevant,
R0004,renting,not_relevant,
R0005,maritime,borderline,
R0006,executing,not_relevant,
R0007,sortation,relevant,
R0008,arrearages,not_relevant,
R0009,manufacturingservice,relevant,
R0010,offtherun,not_relevant,
R0011,endcustomers,relevant,
R0012,pluck,not_relevant,
R0013,cogmedix,not_relevant,
R0014,packagers,relevant,
R0015,retek,not_relevant,
R0016,transferring,borderline,
R0017,transportationrelated,relevant,
R0018,seasonality,borderline,
R0019,holistic,not_relevant,
R0020,electronicselectrical,not_relevant,
R0021,rationalizing,borderline,
R0022,ozy,not_relevant,
R0023,bankbranding,not_relevant,
R0024,optblue,not_relevant,
R0025,producers,relevant,
R0026,lowvolume,borderline,
R0027,dispensing,borderline,
R0028,referrers,not_relevant,
R0029,ebusiness,not_relevant,
R0030,technologyenabled,not_relevant,
R0031,wip,relevant,
R0032,scaleup,borderline,
R0033,selling,not_relevant,
R0034,directtoconsumer,relevant,
R0035,demand,relevant,
R0036,businesstobusiness,borderline,
R0037,nonexclusionary,not_relevant,
R0038,quality,borderline,
R0039,optimization,borderline,
R0040,storage,relevant,
R0041,brokering,relevant,
R0042,disruptions,relevant,
R0043,ditan,not_relevant,
R0044,centralization,borderline,
R0045,dropshipment,relevant,
R0046,analyticsbased,not_relevant,
R0047,railways,relevant,
R0048,warehouse,relevant,
R0049,nextday,relevant,
R0050,procure,relevant,
R0051,quimicompuestos,not_relevant,
R0052,standardizing,borderline,
R0053,coriums,not_relevant,
R0054,inspecting,borderline,
R0055,users,not_relevant,
R0056,weak,not_relevant,
R0057,unloading,relevant,
R0058,administering,not_relevant,
R0059,closeout,relevant,
R0060,prototyping,borderline,
R0061,packaway,relevant,
R0062,assemblers,relevant,
R0063,issuing,not_relevant,
R0064,distributable,not_relevant,
R0065,salesforce,not_relevant,
R0066,engineering,borderline,
R0067,competition,not_relevant,
R0068,benefitstore,not_relevant,
R0069,packing,relevant,
R0070,ordering,relevant,
R0071,backroom,relevant,
R0072,disposing,borderline,
R0073,acquiring,not_relevant,
R0074,workflow,borderline,
R0075,also,not_relevant,
R0076,expediting,relevant,
R0077,tolls,borderline,
R0078,processrelated,not_relevant,
R0079,optimizes,borderline,
R0080,printing,not_relevant,
R0081,administration,not_relevant,
R0082,estore,borderline,
R0083,supplied,relevant,
R0084,securing,borderline,
R0085,endusers,relevant,
R0086,outfront,not_relevant,
R0087,riskcontrolled,not_relevant,
R0088,pointofsale,borderline,
R0089,omnichannel,relevant,
R0090,firstout,relevant,
R0091,hauling,relevant,
R0092,nonclay,not_relevant,
R0093,prioritization,borderline,
R0094,workstyles,not_relevant,
R0095,econnect,not_relevant,
R0096,feedstock,relevant,
R0097,colmei,not_relevant,
R0098,fulfills,relevant,
R0099,trucking,relevant,
R0100,boxed,borderline,
R0101,supplier,relevant,
R0102,merchandising,relevant,
R0103,product,not_relevant,
R0104,labor,borderline,
R0105,vars,relevant,
R0106,insuranceunderwriting,not_relevant,
R0107,recut,not_relevant,
R0108,dropship,relevant,
R0109,securitizing,not_relevant,
R0110,nonspecialized,not_relevant,
R0111,reengineering,borderline,
R0112,branded,not_relevant,
R0113,outsourced,relevant,
R0114,endcustomer,relevant,
R0115,transporting,relevant,
R0116,landandexpand,not_relevant,
R0117,shipping,relevant,
R0118,ordertaking,relevant,
R0119,wholesaling,relevant,
R0120,channels,relevant,
R0121,petrochemical,not_relevant,
R0122,paperless,not_relevant,
R0123,shippers,relevant,
R0124,automation,borderline,
R0125,fullload,relevant,
R0126,subcontractors,relevant,
R0127,byom,not_relevant,
R0128,dsca,not_relevant,
R0129,infrastructure,not_relevant,
R0130,edi,relevant,
R0131,centralized,borderline,
R0132,subassembly,relevant,
R0133,warehousingdistribution,relevant,
R0134,outofseason,borderline,
R0135,orderentry,relevant,
R0136,importing,relevant,
R0137,facilitation,not_relevant,
R0138,storing,relevant,
R0139,reselling,relevant,
R0140,merchandise,relevant,
R0141,timecritical,borderline,
R0142,accepting,not_relevant,
R0143,installing,borderline,
R0144,conceptualizing,not_relevant,
R0145,odms,relevant,
R0146,manufacture,relevant,
R0147,solesourced,relevant,
R0148,integratedpv,not_relevant,
R0149,crossdock,relevant,
R0150,hsn,not_relevant,
R0151,streamlines,borderline,
R0152,usage,not_relevant,
R0153,cellon,not_relevant,
R0154,originating,not_relevant,
R0155,multichannel,relevant,
R0156,omnipods,not_relevant,
R0157,repackaging,relevant,
R0158,fuel,borderline,
R0159,multimodal,relevant,
R0160,comail,borderline,
R0161,serviceproviders,borderline,
R0162,performanceadjusted,not_relevant,
R0163,bestcost,borderline,
R0164,inventories,relevant,
R0165,transporters,relevant,
R0166,obsolescent,relevant,
R0167,outbound,relevant,
R0168,tenants,not_relevant,
R0169,warehouses,relevant,
R0170,procuretopay,relevant,
R0171,roasting,not_relevant,
R0172,enduser,relevant,
R0173,ntant,not_relevant,
R0174,ihvs,not_relevant,
R0175,demanddriven,relevant,
R0176,subscribers,not_relevant,
R0177,demands,relevant,
R0178,manufacturers,relevant,
R0179,business,not_relevant,
R0180,slowmoving,relevant,
R0181,buying,relevant,
R0182,logistical,relevant,
R0183,quoting,borderline,
R0184,wholesaler,relevant,
R0185,customerback,borderline,
R0186,advertisers,not_relevant,
R0187,factories,relevant,
R0188,fulfilment,relevant,
R0189,importation,relevant,
R0190,lmps,not_relevant,
R0191,scarcity,relevant,
R0192,stocking,relevant,
R0193,nonsaleable,relevant,
R0194,itbased,not_relevant,
R0195,unsellable,relevant,
R0196,streamline,borderline,
R0197,shrinkage,relevant,
R0198,overstocks,relevant,
R0199,energyonly,not_relevant,
R0200,tilburg,not_relevant,
R0201,dispatching,relevant,
R0202,kables,not_relevant,
R0203,scheduling,relevant,
R0204,forecasting,relevant,
R0205,followthrough,not_relevant,
R0206,leasing,not_relevant,
R0207,assembly,relevant,
R0208,integrators,relevant,
R0209,backstock,relevant,
R0210,prefer,not_relevant,
R0211,unsaleable,relevant,
R0212,planning,relevant,
R0213,noncgmp,borderline,
R0214,shipfromstore,relevant,
R0215,navex,not_relevant,
R0216,railcar,relevant,
R0217,bottling,relevant,
R0218,workinprogress,relevant,
R0219,terminaling,relevant,
R0220,gbas,not_relevant,
R0221,essds,not_relevant,
R0222,freight,relevant,
R0223,subdistributors,relevant,
R0224,vendor,relevant,
R0225,customerdesigned,borderline,
R0226,locallysourced,relevant,
R0227,retailer,relevant,
R0228,costing,borderline,
R0229,truckload,relevant,
R0230,dissuaded,not_relevant,
R0231,lessthantruckload,relevant,
R0232,utilization,borderline,
R0233,revenue,not_relevant,
R0234,centerled,borderline,
R0235,delivering,relevant,
R0236,buy,borderline,
R0237,workinprocess,relevant,
R0238,singlesourced,relevant,
R0239,isvs,relevant,
R0240,kanban,relevant,
R0241,airfreight,relevant,
R0242,ecommerce,borderline,
R0243,mro,relevant,
R0244,bidding,borderline,
R0245,shortages,relevant,
R0246,floorready,relevant,
R0247,subsuppliers,relevant,
R0248,fridges,not_relevant,
R0249,insourcing,relevant,
R0250,willcall,relevant,
R0251,shorthaul,relevant,
R0252,transports,relevant,
R0253,distributing,relevant,
R0254,privatelabeled,borderline,
R0255,overseeing,not_relevant,
R0256,lpg,not_relevant,
R0257,consumers,borderline,
R0258,spending,not_relevant,
R0259,obsolescence,relevant,
R0260,multilane,borderline,
R0261,outstripping,borderline,
R0262,lifo,relevant,
R0263,resellers,relevant,
R0264,invoicing,borderline,
R0265,demandgeneration,borderline,
R0266,linehaul,relevant,
R0267,wbad,not_relevant,
R0268,itsm,not_relevant,
R0269,onhand,relevant,
R0270,shippingreceiving,relevant,
R0271,manufacturingwarehouse,relevant,
R0272,fillfinish,relevant,
R0273,feedstuff,borderline,
R0274,recentralization,borderline,
R0275,buys,relevant,
R0276,procuring,relevant,
R0277,logistic,relevant,
R0278,scoretracker,not_relevant,
R0279,routetoconsumer,relevant,
R0280,billing,not_relevant,
R0281,timephased,borderline,
R0282,delivery,relevant,
R0283,customersupplier,relevant,
R0284,instore,borderline,
R0285,relationships,not_relevant,
R0286,barreled,not_relevant,
R0287,surpluses,relevant,
R0288,vendors,relevant,
R0289,tooling,relevant,
R0290,reallocating,borderline,
R0291,sku,relevant,
R0292,transport,relevant,
