year,sample_firm_quarters,weighted_population_estimate,terminal_provider_unavailability_count,terminal_provider_unavailability_weighted,valid_count,valid_weighted
2010,63,11650.0000,49,9119.4048,14,2530.5952
2011,67,12261.0000,56,10291.9028,11,1969.0972
2012,69,12816.0000,42,7925.4766,27,4890.5234
2013,73,13507.0000,45,8314.0274,28,5192.9726
2014,77,14440.0000,36,6810.3245,41,7629.6755
2015,83,15234.0000,43,7867.1079,40,7366.8921
2016,88,16250.0000,52,9653.2348,36,6596.7652
2017,90,16888.0000,49,9268.3687,41,7619.6313
2018,93,17595.0000,55,10474.6754,38,7120.3246
2019,97,18167.0000,50,9278.2758,47,8888.7242
