resolution_variant,compared_against,n_shared,shared_terms
conservative_baseline_PRIMARY,primary_risk_library_reconstructed_full_161,0,
conservative_baseline_PRIMARY,risk_observed_baseline_144,0,
conservative_baseline_PRIMARY,published_reference_risk_table_3_144,0,
conservative_baseline_PRIMARY,paper_supply_chain_table_2_top30,0,
conservative_baseline_PRIMARY,paper_supply_chain_seed_terms_table_1,0,
paper_anchor,primary_risk_library_reconstructed_full_161,0,
paper_anchor,risk_observed_baseline_144,0,
paper_anchor,published_reference_risk_table_3_144,0,
paper_anchor,paper_supply_chain_table_2_top30,0,
paper_anchor,paper_supply_chain_seed_terms_table_1,0,
expanded_sensitivity,primary_risk_library_reconstructed_full_161,0,
expanded_sensitivity,risk_observed_baseline_144,0,
expanded_sensitivity,published_reference_risk_table_3_144,0,
expanded_sensitivity,paper_supply_chain_table_2_top30,0,
expanded_sensitivity,paper_supply_chain_seed_terms_table_1,0,
overlap_sensitivity,primary_risk_library_reconstructed_full_161,0,
overlap_sensitivity,risk_observed_baseline_144,0,
overlap_sensitivity,published_reference_risk_table_3_144,0,
overlap_sensitivity,paper_supply_chain_table_2_top30,0,
overlap_sensitivity,paper_supply_chain_seed_terms_table_1,0,
