term,paper_table_4_frequency,root_concept,oxford_source,source_relationship,confidence,baseline_inclusion,sensitivity_only,notes
help,5448,mitigate,"Oxford Advanced Learner's Dictionary (10th ed.), oxfordlearnersdictionaries.com",oxford_definition_names_improve_and_easier,high,TRUE,FALSE,printed in Table 4; 2 Oxford synonym hop(s) from mitigate/resolve
solutions,4289,resolve,"Oxford Advanced Learner's Dictionary (10th ed.), oxfordlearnersdictionaries.com",oxford_definition_of_resolve_names_solution,high,TRUE,FALSE,printed in Table 4; 1 Oxford synonym hop(s) from mitigate/resolve
solve,3722,resolve,"Oxford Advanced Learner's Dictionary (10th ed.), oxfordlearnersdictionaries.com",oxford_definition_overlap_with_resolve,high,TRUE,FALSE,printed in Table 4; 1 Oxford synonym hop(s) from mitigate/resolve
improve,2688,mitigate,"Oxford Advanced Learner's Dictionary (10th ed.), oxfordlearnersdictionaries.com",oxford_definition_reached_via_help_enhance_recovery,high,TRUE,FALSE,printed in Table 4; 2 Oxford synonym hop(s) from mitigate/resolve
improved,2554,mitigate,"Oxford Advanced Learner's Dictionary (10th ed.), oxfordlearnersdictionaries.com",oxford_definition_reached_via_help_enhance_recovery,high,TRUE,FALSE,printed in Table 4; 2 Oxford synonym hop(s) from mitigate/resolve
mitigate,2503,mitigate,"Oxford Advanced Learner's Dictionary (10th ed.), oxfordlearnersdictionaries.com",seed_term_named_in_paper,high,TRUE,FALSE,printed in Table 4; 0 Oxford synonym hop(s) from mitigate/resolve
resolved,2150,resolve,"Oxford Advanced Learner's Dictionary (10th ed.), oxfordlearnersdictionaries.com",seed_term_named_in_paper,high,TRUE,FALSE,printed in Table 4; 0 Oxford synonym hop(s) from mitigate/resolve
fixed,2015,resolve,"Oxford Advanced Learner's Dictionary (10th ed.), oxfordlearnersdictionaries.com",oxford_definition_repair_or_correct,high,TRUE,FALSE,printed in Table 4; 2 Oxford synonym hop(s) from mitigate/resolve
improvement,1943,mitigate,"Oxford Advanced Learner's Dictionary (10th ed.), oxfordlearnersdictionaries.com",oxford_noun_of_improve,high,TRUE,FALSE,printed in Table 4; 2 Oxford synonym hop(s) from mitigate/resolve
solution,1932,resolve,"Oxford Advanced Learner's Dictionary (10th ed.), oxfordlearnersdictionaries.com",oxford_definition_of_resolve_names_solution,high,TRUE,FALSE,printed in Table 4; 1 Oxford synonym hop(s) from mitigate/resolve
improving,1842,mitigate,"Oxford Advanced Learner's Dictionary (10th ed.), oxfordlearnersdictionaries.com",oxford_definition_reached_via_help_enhance_recovery,high,TRUE,FALSE,printed in Table 4; 2 Oxford synonym hop(s) from mitigate/resolve
helping,1536,mitigate,"Oxford Advanced Learner's Dictionary (10th ed.), oxfordlearnersdictionaries.com",oxford_definition_names_improve_and_easier,high,TRUE,FALSE,printed in Table 4; 2 Oxford synonym hop(s) from mitigate/resolve
recovery,1376,mitigate,"Oxford Advanced Learner's Dictionary (10th ed.), oxfordlearnersdictionaries.com",oxford_definition_names_improving,high,TRUE,FALSE,printed in Table 4; 3 Oxford synonym hop(s) from mitigate/resolve
solving,1327,resolve,"Oxford Advanced Learner's Dictionary (10th ed.), oxfordlearnersdictionaries.com",oxford_definition_overlap_with_resolve,high,TRUE,FALSE,printed in Table 4; 1 Oxford synonym hop(s) from mitigate/resolve
resolve,996,resolve,"Oxford Advanced Learner's Dictionary (10th ed.), oxfordlearnersdictionaries.com",seed_term_named_in_paper,high,TRUE,FALSE,printed in Table 4; 0 Oxford synonym hop(s) from mitigate/resolve
improvements,953,mitigate,"Oxford Advanced Learner's Dictionary (10th ed.), oxfordlearnersdictionaries.com",oxford_noun_of_improve,high,TRUE,FALSE,printed in Table 4; 2 Oxford synonym hop(s) from mitigate/resolve
resolution,801,resolve,"Oxford Advanced Learner's Dictionary (10th ed.), oxfordlearnersdictionaries.com",oxford_synonym_xref_to_resolve,high,TRUE,FALSE,printed in Table 4; 1 Oxford synonym hop(s) from mitigate/resolve
helps,768,mitigate,"Oxford Advanced Learner's Dictionary (10th ed.), oxfordlearnersdictionaries.com",oxford_definition_names_improve_and_easier,high,TRUE,FALSE,printed in Table 4; 2 Oxford synonym hop(s) from mitigate/resolve
helped,744,mitigate,"Oxford Advanced Learner's Dictionary (10th ed.), oxfordlearnersdictionaries.com",oxford_definition_names_improve_and_easier,high,TRUE,FALSE,printed in Table 4; 2 Oxford synonym hop(s) from mitigate/resolve
mitigation,622,mitigate,"Oxford Advanced Learner's Dictionary (10th ed.), oxfordlearnersdictionaries.com",oxford_noun_of_seed_term,high,TRUE,FALSE,printed in Table 4; 0 Oxford synonym hop(s) from mitigate/resolve
solved,612,resolve,"Oxford Advanced Learner's Dictionary (10th ed.), oxfordlearnersdictionaries.com",oxford_definition_overlap_with_resolve,high,TRUE,FALSE,printed in Table 4; 1 Oxford synonym hop(s) from mitigate/resolve
enhance,591,mitigate,"Oxford Advanced Learner's Dictionary (10th ed.), oxfordlearnersdictionaries.com",oxford_definition_names_improve,high,TRUE,FALSE,printed in Table 4; 3 Oxford synonym hop(s) from mitigate/resolve
recover,566,mitigate,"Oxford Advanced Learner's Dictionary (10th ed.), oxfordlearnersdictionaries.com",oxford_definition_return_to_normal_state,high,TRUE,FALSE,printed in Table 4; 3 Oxford synonym hop(s) from mitigate/resolve
fix,553,resolve,"Oxford Advanced Learner's Dictionary (10th ed.), oxfordlearnersdictionaries.com",oxford_definition_repair_or_correct,high,TRUE,FALSE,printed in Table 4; 2 Oxford synonym hop(s) from mitigate/resolve
easy,541,mitigate,"Oxford Advanced Learner's Dictionary (10th ed.), oxfordlearnersdictionaries.com",oxford_chain_mitigate_alleviate_ease_easier,high,TRUE,FALSE,printed in Table 4; 3 Oxford synonym hop(s) from mitigate/resolve
easier,516,mitigate,"Oxford Advanced Learner's Dictionary (10th ed.), oxfordlearnersdictionaries.com",oxford_chain_mitigate_alleviate_ease_easier,high,TRUE,FALSE,printed in Table 4; 3 Oxford synonym hop(s) from mitigate/resolve
overcome,475,resolve,"Oxford Advanced Learner's Dictionary (10th ed.), oxfordlearnersdictionaries.com",oxford_definition_overlap_with_solve,high,TRUE,FALSE,printed in Table 4; 2 Oxford synonym hop(s) from mitigate/resolve
enhanced,474,mitigate,"Oxford Advanced Learner's Dictionary (10th ed.), oxfordlearnersdictionaries.com",oxford_definition_names_improve,high,TRUE,FALSE,printed in Table 4; 3 Oxford synonym hop(s) from mitigate/resolve
mitigates,,mitigate,"Oxford Advanced Learner's Dictionary (10th ed.), oxfordlearnersdictionaries.com",oxford_printed_form_of_mitigate,high,TRUE,FALSE,Oxford prints this form in the 'mitigate' entry; 0 Oxford synonym hop(s) from mitigate/resolve
mitigated,,mitigate,"Oxford Advanced Learner's Dictionary (10th ed.), oxfordlearnersdictionaries.com",oxford_printed_form_of_mitigate,high,TRUE,FALSE,Oxford prints this form in the 'mitigate' entry; 0 Oxford synonym hop(s) from mitigate/resolve
mitigating,,mitigate,"Oxford Advanced Learner's Dictionary (10th ed.), oxfordlearnersdictionaries.com",oxford_printed_form_of_mitigate,high,TRUE,FALSE,Oxford prints this form in the 'mitigate' entry; 0 Oxford synonym hop(s) from mitigate/resolve
resolves,,resolve,"Oxford Advanced Learner's Dictionary (10th ed.), oxfordlearnersdictionaries.com",oxford_printed_form_of_resolve,high,TRUE,FALSE,Oxford prints this form in the 'resolve' entry; 0 Oxford synonym hop(s) from mitigate/resolve
resolving,,resolve,"Oxford Advanced Learner's Dictionary (10th ed.), oxfordlearnersdictionaries.com",oxford_printed_form_of_resolve,high,TRUE,FALSE,Oxford prints this form in the 'resolve' entry; 0 Oxford synonym hop(s) from mitigate/resolve
solves,,resolve,"Oxford Advanced Learner's Dictionary (10th ed.), oxfordlearnersdictionaries.com",oxford_printed_form_of_solve,high,TRUE,FALSE,Oxford prints this form in the 'solve' entry; 1 Oxford synonym hop(s) from mitigate/resolve
improves,,mitigate,"Oxford Advanced Learner's Dictionary (10th ed.), oxfordlearnersdictionaries.com",oxford_printed_form_of_improve,medium,TRUE,FALSE,Oxford prints this form in the 'improve' entry; 2 Oxford synonym hop(s) from mitigate/resolve
fixes,,resolve,"Oxford Advanced Learner's Dictionary (10th ed.), oxfordlearnersdictionaries.com",oxford_printed_form_of_fix,medium,TRUE,FALSE,Oxford prints this form in the 'fix' entry; 2 Oxford synonym hop(s) from mitigate/resolve
fixing,,resolve,"Oxford Advanced Learner's Dictionary (10th ed.), oxfordlearnersdictionaries.com",oxford_printed_form_of_fix,medium,TRUE,FALSE,Oxford prints this form in the 'fix' entry; 2 Oxford synonym hop(s) from mitigate/resolve
recovers,,mitigate,"Oxford Advanced Learner's Dictionary (10th ed.), oxfordlearnersdictionaries.com",oxford_printed_form_of_recover,medium,TRUE,FALSE,Oxford prints this form in the 'recover' entry; 3 Oxford synonym hop(s) from mitigate/resolve
recovered,,mitigate,"Oxford Advanced Learner's Dictionary (10th ed.), oxfordlearnersdictionaries.com",oxford_printed_form_of_recover,medium,TRUE,FALSE,Oxford prints this form in the 'recover' entry; 3 Oxford synonym hop(s) from mitigate/resolve
recovering,,mitigate,"Oxford Advanced Learner's Dictionary (10th ed.), oxfordlearnersdictionaries.com",oxford_printed_form_of_recover,medium,TRUE,FALSE,Oxford prints this form in the 'recover' entry; 3 Oxford synonym hop(s) from mitigate/resolve
recoveries,,mitigate,"Oxford Advanced Learner's Dictionary (10th ed.), oxfordlearnersdictionaries.com",oxford_printed_form_of_recovery,medium,TRUE,FALSE,Oxford prints this form in the 'recovery' entry; 3 Oxford synonym hop(s) from mitigate/resolve
enhances,,mitigate,"Oxford Advanced Learner's Dictionary (10th ed.), oxfordlearnersdictionaries.com",oxford_printed_form_of_enhance,medium,TRUE,FALSE,Oxford prints this form in the 'enhance' entry; 3 Oxford synonym hop(s) from mitigate/resolve
enhancing,,mitigate,"Oxford Advanced Learner's Dictionary (10th ed.), oxfordlearnersdictionaries.com",oxford_printed_form_of_enhance,medium,TRUE,FALSE,Oxford prints this form in the 'enhance' entry; 3 Oxford synonym hop(s) from mitigate/resolve
overcomes,,resolve,"Oxford Advanced Learner's Dictionary (10th ed.), oxfordlearnersdictionaries.com",oxford_printed_form_of_overcome,medium,TRUE,FALSE,Oxford prints this form in the 'overcome' entry; 2 Oxford synonym hop(s) from mitigate/resolve
overcame,,resolve,"Oxford Advanced Learner's Dictionary (10th ed.), oxfordlearnersdictionaries.com",oxford_printed_form_of_overcome,medium,TRUE,FALSE,Oxford prints this form in the 'overcome' entry; 2 Oxford synonym hop(s) from mitigate/resolve
overcoming,,resolve,"Oxford Advanced Learner's Dictionary (10th ed.), oxfordlearnersdictionaries.com",oxford_printed_form_of_overcome,medium,TRUE,FALSE,Oxford prints this form in the 'overcome' entry; 2 Oxford synonym hop(s) from mitigate/resolve
easiest,,mitigate,"Oxford Advanced Learner's Dictionary (10th ed.), oxfordlearnersdictionaries.com",oxford_printed_form_of_easy,medium,TRUE,FALSE,Oxford prints this form in the 'easy' entry; 3 Oxford synonym hop(s) from mitigate/resolve
alleviate,,mitigate,"Oxford Advanced Learner's Dictionary (10th ed.), oxfordlearnersdictionaries.com",oxford_synonym_xref_on_mitigate,high,TRUE,FALSE,Oxford prints this form in the 'alleviate' entry; 1 Oxford synonym hop(s) from mitigate/resolve
alleviates,,mitigate,"Oxford Advanced Learner's Dictionary (10th ed.), oxfordlearnersdictionaries.com",oxford_printed_form_of_alleviate,high,TRUE,FALSE,Oxford prints this form in the 'alleviate' entry; 1 Oxford synonym hop(s) from mitigate/resolve
alleviated,,mitigate,"Oxford Advanced Learner's Dictionary (10th ed.), oxfordlearnersdictionaries.com",oxford_printed_form_of_alleviate,high,TRUE,FALSE,Oxford prints this form in the 'alleviate' entry; 1 Oxford synonym hop(s) from mitigate/resolve
alleviating,,mitigate,"Oxford Advanced Learner's Dictionary (10th ed.), oxfordlearnersdictionaries.com",oxford_printed_form_of_alleviate,high,TRUE,FALSE,Oxford prints this form in the 'alleviate' entry; 1 Oxford synonym hop(s) from mitigate/resolve
settle,,resolve,"Oxford Advanced Learner's Dictionary (10th ed.), oxfordlearnersdictionaries.com",oxford_synonym_xref_on_resolve,high,TRUE,FALSE,Oxford prints this form in the 'settle' entry; 1 Oxford synonym hop(s) from mitigate/resolve
settles,,resolve,"Oxford Advanced Learner's Dictionary (10th ed.), oxfordlearnersdictionaries.com",oxford_printed_form_of_settle,high,TRUE,FALSE,Oxford prints this form in the 'settle' entry; 1 Oxford synonym hop(s) from mitigate/resolve
settled,,resolve,"Oxford Advanced Learner's Dictionary (10th ed.), oxfordlearnersdictionaries.com",oxford_printed_form_of_settle,high,TRUE,FALSE,Oxford prints this form in the 'settle' entry; 1 Oxford synonym hop(s) from mitigate/resolve
settling,,resolve,"Oxford Advanced Learner's Dictionary (10th ed.), oxfordlearnersdictionaries.com",oxford_printed_form_of_settle,high,TRUE,FALSE,Oxford prints this form in the 'settle' entry; 1 Oxford synonym hop(s) from mitigate/resolve
resolutions,,resolve,"Oxford Advanced Learner's Dictionary (10th ed.), oxfordlearnersdictionaries.com",unattested_regular_form_of_resolution,low,FALSE,TRUE,"regular plural of resolution; Oxford prints no plural, Table 4 does not show it; 1 Oxford synonym hop(s) from mitigate/resolve"
mitigations,,mitigate,"Oxford Advanced Learner's Dictionary (10th ed.), oxfordlearnersdictionaries.com",unattested_regular_form_of_mitigation,low,FALSE,TRUE,"regular plural of mitigation; Oxford prints no plural, Table 4 does not show it; 0 Oxford synonym hop(s) from mitigate/resolve"
enhancement,,mitigate,"Oxford Advanced Learner's Dictionary (10th ed.), oxfordlearnersdictionaries.com",oxford_noun_of_enhance,low,FALSE,TRUE,regular nominalisation of enhance; neither Oxford-printed nor in Table 4; 3 Oxford synonym hop(s) from mitigate/resolve
enhancements,,mitigate,"Oxford Advanced Learner's Dictionary (10th ed.), oxfordlearnersdictionaries.com",unattested_regular_form_of_enhancement,low,FALSE,TRUE,regular plural of enhancement; neither Oxford-printed nor in Table 4; 3 Oxford synonym hop(s) from mitigate/resolve
ease,,mitigate,"Oxford Advanced Learner's Dictionary (10th ed.), oxfordlearnersdictionaries.com",oxford_synonym_xref_on_alleviate,low,FALSE,TRUE,Oxford: mitigate -> alleviate -> ease. Two hops. Makes Table 4 easy/easier explicable; 2 Oxford synonym hop(s) from mitigate/resolve
eases,,mitigate,"Oxford Advanced Learner's Dictionary (10th ed.), oxfordlearnersdictionaries.com",unattested_regular_form_of_ease,low,FALSE,TRUE,Oxford-printed verb form of ease; 2 Oxford synonym hop(s) from mitigate/resolve
eased,,mitigate,"Oxford Advanced Learner's Dictionary (10th ed.), oxfordlearnersdictionaries.com",unattested_regular_form_of_ease,low,FALSE,TRUE,Oxford-printed verb form of ease; 2 Oxford synonym hop(s) from mitigate/resolve
easing,,mitigate,"Oxford Advanced Learner's Dictionary (10th ed.), oxfordlearnersdictionaries.com",unattested_regular_form_of_ease,low,FALSE,TRUE,Oxford-printed verb form of ease; 2 Oxford synonym hop(s) from mitigate/resolve
relieve,,mitigate,"Oxford Advanced Learner's Dictionary (10th ed.), oxfordlearnersdictionaries.com",oxford_synonym_xref_to_alleviate,low,FALSE,TRUE,"Oxford: relieve -> alleviate, and alleviate is mitigate's synonym. Two hops; 2 Oxford synonym hop(s) from mitigate/resolve"
relieves,,mitigate,"Oxford Advanced Learner's Dictionary (10th ed.), oxfordlearnersdictionaries.com",unattested_regular_form_of_relieve,low,FALSE,TRUE,Oxford-printed verb form of relieve; 2 Oxford synonym hop(s) from mitigate/resolve
relieved,,mitigate,"Oxford Advanced Learner's Dictionary (10th ed.), oxfordlearnersdictionaries.com",unattested_regular_form_of_relieve,low,FALSE,TRUE,Oxford-printed verb form of relieve; 2 Oxford synonym hop(s) from mitigate/resolve
relieving,,mitigate,"Oxford Advanced Learner's Dictionary (10th ed.), oxfordlearnersdictionaries.com",unattested_regular_form_of_relieve,low,FALSE,TRUE,Oxford-printed verb form of relieve; 2 Oxford synonym hop(s) from mitigate/resolve
reduce,,mitigate,"Oxford Advanced Learner's Dictionary (10th ed.), oxfordlearnersdictionaries.com",oxford_synonym_xref_on_ease_verb,low,FALSE,TRUE,Oxford: ease (verb) -> reduce. Three hops. Heavy non-resolution use in earnings calls; 3 Oxford synonym hop(s) from mitigate/resolve
reduces,,mitigate,"Oxford Advanced Learner's Dictionary (10th ed.), oxfordlearnersdictionaries.com",unattested_regular_form_of_reduce,low,FALSE,TRUE,Oxford-printed verb form of reduce; 3 Oxford synonym hop(s) from mitigate/resolve
reduced,,mitigate,"Oxford Advanced Learner's Dictionary (10th ed.), oxfordlearnersdictionaries.com",unattested_regular_form_of_reduce,low,FALSE,TRUE,Oxford-printed verb form of reduce; 3 Oxford synonym hop(s) from mitigate/resolve
reducing,,mitigate,"Oxford Advanced Learner's Dictionary (10th ed.), oxfordlearnersdictionaries.com",unattested_regular_form_of_reduce,low,FALSE,TRUE,Oxford-printed verb form of reduce; 3 Oxford synonym hop(s) from mitigate/resolve
relax,,mitigate,"Oxford Advanced Learner's Dictionary (10th ed.), oxfordlearnersdictionaries.com",oxford_synonym_xref_on_ease_verb,low,FALSE,TRUE,Oxford: ease (verb) -> relax. Three hops. Rare in a supply chain sense; 3 Oxford synonym hop(s) from mitigate/resolve
relaxes,,mitigate,"Oxford Advanced Learner's Dictionary (10th ed.), oxfordlearnersdictionaries.com",unattested_regular_form_of_relax,low,FALSE,TRUE,Oxford-printed verb form of relax; 3 Oxford synonym hop(s) from mitigate/resolve
relaxed,,mitigate,"Oxford Advanced Learner's Dictionary (10th ed.), oxfordlearnersdictionaries.com",unattested_regular_form_of_relax,low,FALSE,TRUE,Oxford-printed verb form of relax; 3 Oxford synonym hop(s) from mitigate/resolve
relaxing,,mitigate,"Oxford Advanced Learner's Dictionary (10th ed.), oxfordlearnersdictionaries.com",unattested_regular_form_of_relax,low,FALSE,TRUE,Oxford-printed verb form of relax; 3 Oxford synonym hop(s) from mitigate/resolve
remedy,,resolve,"Oxford Advanced Learner's Dictionary (10th ed.), oxfordlearnersdictionaries.com",oxford_synonym_xref_to_solution,low,FALSE,TRUE,"Oxford: remedy (noun) -> solution, and solution is a Table 4 term. Two hops; 2 Oxford synonym hop(s) from mitigate/resolve"
remedies,,resolve,"Oxford Advanced Learner's Dictionary (10th ed.), oxfordlearnersdictionaries.com",unattested_regular_form_of_remedy,low,FALSE,TRUE,Oxford-printed form of remedy; 2 Oxford synonym hop(s) from mitigate/resolve
remedied,,resolve,"Oxford Advanced Learner's Dictionary (10th ed.), oxfordlearnersdictionaries.com",unattested_regular_form_of_remedy,low,FALSE,TRUE,Oxford-printed verb form of remedy; 2 Oxford synonym hop(s) from mitigate/resolve
remedying,,resolve,"Oxford Advanced Learner's Dictionary (10th ed.), oxfordlearnersdictionaries.com",unattested_regular_form_of_remedy,low,FALSE,TRUE,Oxford-printed verb form of remedy; 2 Oxford synonym hop(s) from mitigate/resolve
settlement,,resolve,"Oxford Advanced Learner's Dictionary (10th ed.), oxfordlearnersdictionaries.com",oxford_synonym_xref_on_resolution,low,FALSE,TRUE,"Oxford: resolution -> settlement. In earnings calls this is usually a legal or cash settlement, the same context problem that made Hassan et al. (2019) drop question/unknown/venture/prospect; 2 Oxford synonym hop(s) from mitigate/resolve"
settlements,,resolve,"Oxford Advanced Learner's Dictionary (10th ed.), oxfordlearnersdictionaries.com",unattested_regular_form_of_settlement,low,FALSE,TRUE,regular plural of settlement; same context problem; 2 Oxford synonym hop(s) from mitigate/resolve
counter,,paper_sensitivity,"Oxford Advanced Learner's Dictionary (10th ed.), oxfordlearnersdictionaries.com",named_in_paper_table_10_column_5,n/a_paper_declared_sensitivity,FALSE,TRUE,paper Table 10 Column (5) expanded resolution keyword; not traced to an Oxford synonym of mitigate or resolve
counters,,paper_sensitivity,"Oxford Advanced Learner's Dictionary (10th ed.), oxfordlearnersdictionaries.com",named_in_paper_table_10_column_5,n/a_paper_declared_sensitivity,FALSE,TRUE,Oxford-printed verb form of counter; not traced to an Oxford synonym of mitigate or resolve
countered,,paper_sensitivity,"Oxford Advanced Learner's Dictionary (10th ed.), oxfordlearnersdictionaries.com",named_in_paper_table_10_column_5,n/a_paper_declared_sensitivity,FALSE,TRUE,Oxford-printed verb form of counter; not traced to an Oxford synonym of mitigate or resolve
countering,,paper_sensitivity,"Oxford Advanced Learner's Dictionary (10th ed.), oxfordlearnersdictionaries.com",named_in_paper_table_10_column_5,n/a_paper_declared_sensitivity,FALSE,TRUE,Oxford-printed verb form of counter; not traced to an Oxford synonym of mitigate or resolve
absorb,,paper_sensitivity,"Oxford Advanced Learner's Dictionary (10th ed.), oxfordlearnersdictionaries.com",named_in_paper_table_10_column_5,n/a_paper_declared_sensitivity,FALSE,TRUE,paper Table 10 Column (5) expanded resolution keyword; not traced to an Oxford synonym of mitigate or resolve
absorbs,,paper_sensitivity,"Oxford Advanced Learner's Dictionary (10th ed.), oxfordlearnersdictionaries.com",named_in_paper_table_10_column_5,n/a_paper_declared_sensitivity,FALSE,TRUE,Oxford-printed verb form of absorb; not traced to an Oxford synonym of mitigate or resolve
absorbed,,paper_sensitivity,"Oxford Advanced Learner's Dictionary (10th ed.), oxfordlearnersdictionaries.com",named_in_paper_table_10_column_5,n/a_paper_declared_sensitivity,FALSE,TRUE,Oxford-printed verb form of absorb; not traced to an Oxford synonym of mitigate or resolve
absorbing,,paper_sensitivity,"Oxford Advanced Learner's Dictionary (10th ed.), oxfordlearnersdictionaries.com",named_in_paper_table_10_column_5,n/a_paper_declared_sensitivity,FALSE,TRUE,Oxford-printed verb form of absorb; not traced to an Oxford synonym of mitigate or resolve
dissolve,,paper_sensitivity,"Oxford Advanced Learner's Dictionary (10th ed.), oxfordlearnersdictionaries.com",named_in_paper_table_10_column_5,n/a_paper_declared_sensitivity,FALSE,TRUE,paper Table 10 Column (5) expanded resolution keyword; not traced to an Oxford synonym of mitigate or resolve
dissolves,,paper_sensitivity,"Oxford Advanced Learner's Dictionary (10th ed.), oxfordlearnersdictionaries.com",named_in_paper_table_10_column_5,n/a_paper_declared_sensitivity,FALSE,TRUE,Oxford-printed verb form of dissolve; not traced to an Oxford synonym of mitigate or resolve
dissolved,,paper_sensitivity,"Oxford Advanced Learner's Dictionary (10th ed.), oxfordlearnersdictionaries.com",named_in_paper_table_10_column_5,n/a_paper_declared_sensitivity,FALSE,TRUE,Oxford-printed verb form of dissolve; not traced to an Oxford synonym of mitigate or resolve
dissolving,,paper_sensitivity,"Oxford Advanced Learner's Dictionary (10th ed.), oxfordlearnersdictionaries.com",named_in_paper_table_10_column_5,n/a_paper_declared_sensitivity,FALSE,TRUE,Oxford-printed verb form of dissolve; not traced to an Oxford synonym of mitigate or resolve
dilute,,paper_sensitivity,"Oxford Advanced Learner's Dictionary (10th ed.), oxfordlearnersdictionaries.com",named_in_paper_table_10_column_5,n/a_paper_declared_sensitivity,FALSE,TRUE,paper Table 10 Column (5) expanded resolution keyword; not traced to an Oxford synonym of mitigate or resolve
dilutes,,paper_sensitivity,"Oxford Advanced Learner's Dictionary (10th ed.), oxfordlearnersdictionaries.com",named_in_paper_table_10_column_5,n/a_paper_declared_sensitivity,FALSE,TRUE,Oxford-printed verb form of dilute; not traced to an Oxford synonym of mitigate or resolve
diluted,,paper_sensitivity,"Oxford Advanced Learner's Dictionary (10th ed.), oxfordlearnersdictionaries.com",named_in_paper_table_10_column_5,n/a_paper_declared_sensitivity,FALSE,TRUE,Oxford-printed verb form of dilute; not traced to an Oxford synonym of mitigate or resolve
diluting,,paper_sensitivity,"Oxford Advanced Learner's Dictionary (10th ed.), oxfordlearnersdictionaries.com",named_in_paper_table_10_column_5,n/a_paper_declared_sensitivity,FALSE,TRUE,Oxford-printed verb form of dilute; not traced to an Oxford synonym of mitigate or resolve
