printed_slot,column,row_in_column,keyword,published_frequency,is_duplicate_of_slot,visually_verified,correction_applied
1,1,1,help,5448,,yes,none: rendered page matches the text layer character for character
2,1,2,solutions,4289,,yes,none: rendered page matches the text layer character for character
3,1,3,solve,3722,,yes,none: rendered page matches the text layer character for character
4,1,4,improve,2688,,yes,none: rendered page matches the text layer character for character
5,1,5,improved,2554,,yes,none: rendered page matches the text layer character for character
6,1,6,mitigate,2503,,yes,none: rendered page matches the text layer character for character
7,1,7,resolved,2150,,yes,none: rendered page matches the text layer character for character
8,1,8,fixed,2015,,yes,none: rendered page matches the text layer character for character
9,1,9,improvement,1943,,yes,none: rendered page matches the text layer character for character
10,1,10,solution,1932,,yes,none: rendered page matches the text layer character for character
11,2,1,improving,1842,,yes,none: rendered page matches the text layer character for character
12,2,2,helping,1536,,yes,none: rendered page matches the text layer character for character
13,2,3,recovery,1376,,yes,none: rendered page matches the text layer character for character
14,2,4,solving,1327,,yes,none: rendered page matches the text layer character for character
15,2,5,resolve,996,,yes,none: rendered page matches the text layer character for character
16,2,6,improvements,953,,yes,none: rendered page matches the text layer character for character
17,2,7,resolution,801,,yes,none: rendered page matches the text layer character for character
18,2,8,helps,768,,yes,none: rendered page matches the text layer character for character
19,2,9,helped,744,,yes,none: rendered page matches the text layer character for character
20,2,10,mitigation,622,,yes,none: rendered page matches the text layer character for character
21,3,1,solved,612,,yes,none: rendered page matches the text layer character for character
22,3,2,enhance,591,,yes,none: rendered page matches the text layer character for character
23,3,3,recover,566,,yes,none: rendered page matches the text layer character for character
24,3,4,enhance,591,22,yes,none: rendered page matches the text layer character for character
25,3,5,recover,566,23,yes,none: rendered page matches the text layer character for character
26,3,6,fix,553,,yes,none: rendered page matches the text layer character for character
27,3,7,easy,541,,yes,none: rendered page matches the text layer character for character
28,3,8,easier,516,,yes,none: rendered page matches the text layer character for character
29,3,9,overcome,475,,yes,none: rendered page matches the text layer character for character
30,3,10,enhanced,474,,yes,none: rendered page matches the text layer character for character
